relegion,caste
Hindu,Ad Dharmi
Hindu,Adi Andhra
Hindu,Adi Dravida
Hindu,Adi Karnataka
Hindu,Agamudayar
Hindu,Agri
Hindu,Ahir
Hindu,Ahir-Ahir shimpi
Hindu,Ahirwar
Hindu,Ahom
Hindu,Ambalavasi
Hindu,Ambalavasi-Pisharody
Hindu,Ambalavasi-Poduval
Hindu,Amma Kodava
Hindu,Arakh Arakvanshiya
Hindu,Arekatica
Hindu,Arunthathiyar
Hindu,Arya Vysya
Hindu,Ayyaraka
Hindu,Badaga
Hindu,Badhai
Hindu,Bagdi
Hindu,Baghel Gaderiya
Hindu,Bahi
Hindu,Baidya
Hindu,Bairwa
Hindu,Baishnab
Hindu,Baishya
Hindu,Baishya-Saha
Hindu,Baishya Kapali
Hindu,Bajantri
Hindu,Balai
Hindu,Balija
Hindu,Balija-Balija Naidu
Hindu,Balija-Balija Reddy
Hindu,Balija-Ediga /Goud (Balija)
Hindu,Balija-Gajula / Kavarai
Hindu,Balija-Kapu
Hindu,Balija-Kavara
Hindu,Balija-Linga Balija
Hindu,Balija-Modikarlu
Hindu,Balija-Munnuru Kapu
Hindu,Balija-Musukama
Hindu,Balija-Namdarlu
Hindu,Balija-Pagadala
Hindu,Balija-Perika
Hindu,Balija-Setti Balija
Hindu,Balija-Surya Balija
Hindu,Balija-Telaga
Hindu,Balija-Thota
Hindu,Balija-Vada Balija
Hindu,Balija-Velama
Hindu,Balija-Waada Balija
Hindu,Balija Naidu
Hindu,Balija Naidu-Balija Naidu
Hindu,Balija Naidu-Balija Reddy
Hindu,Balija Naidu-Setti Balija
Hindu,Balija Naidu-Surya Balija
Hindu,Balija Naidu-Vada Balija
Hindu,Balija Naidu-Waada Balija
Hindu,Banayat Oriya
Hindu,Bania
Hindu,Bania-Agarwal
Hindu,Bania-Agrahari
Hindu,Bania-Asathi
Hindu,Bania-Ayodhyavasi
Hindu,Bania-Baniya Kumuti
Hindu,Bania-Barnwals
Hindu,Bania-Bisa Agarwal
Hindu,Bania-Chaturth
Hindu,Bania-Choudharys
Hindu,Bania-Dosar / Dusra
Hindu,Bania-Gahoi
Hindu,Bania-Gandha Vanika
Hindu,Bania-Gulahre
Hindu,Bania-Jaiswal
Hindu,Bania-Kalwar
Hindu,Bania-Kandu / Kanu
Hindu,Bania-Kanojia Kanu
Hindu,Bania-Kanykubj Bania
Hindu,Bania-Kasaundhan
Hindu,Bania-Keshris / Kesarwani
Hindu,Bania-Khandelwal
Hindu,Bania-Komti Arya Vaishya
Hindu,Bania-Lad
Hindu,Bania-Madhesiya / Kawa / Halwai
Hindu,Bania-Mahajan
Hindu,Bania-Mahawar
Hindu,Bania-Maheshwari/Meshri
Hindu,Bania-Mahor
Hindu,Bania-Mahuri
Hindu,Bania-Marwari
Hindu,Bania-Modh Ghanchi
Hindu,Bania-Modi
Hindu,Bania-Nema
Hindu,Bania-Oswal
Hindu,Bania-Padmavati Porwal
Hindu,Bania-Patwa
Hindu,Bania-Porwal / Porwar
Hindu,Bania-Rastogi
Hindu,Bania-Rathi
Hindu,Bania-Rauniars
Hindu,Bania-Rauniyar
Hindu,Bania-Shaw / Sahu / Teli
Hindu,Bania-Sinduriya
Hindu,Bania-Sudi / Suri / Sundhi / Shaundik
Hindu,Bania-Ummar / Umre / Bagaria
Hindu,Bania-Vaishnav
Hindu,Bania-Vani/Vaishya
Hindu,Bania-Varshneys
Hindu,Bania-Vijayvargia
Hindu,Banik
Hindu,Banjara
Hindu,Banjara-Lambani
Hindu,Barai
Hindu,Bari
Hindu,Baria
Hindu,Beldar
Hindu,Besta
Hindu,Bhajantri
Hindu,Bhatia
Hindu,Bhatraju
Hindu,Bhavsar
Hindu,Bhil
Hindu,Bhovi / Bhoi
Hindu,Bhoyar
Hindu,Bhulia / Meher
Hindu,Billava
Hindu,Bishnoi / Vishnoi
Hindu,Bondili
Hindu,Boyer
Hindu,Brahmakshatriya
Hindu,Brahmbatt
Hindu,Brahmin
Hindu,Brahmin-6000 Niyogi
Hindu,Brahmin-Anavil
Hindu,Brahmin-Andhra
Hindu,Brahmin-Audichya
Hindu,Brahmin-Audichyasahastra
Hindu,Brahmin-Bajkhedwal
Hindu,Brahmin-Bardai
Hindu,Brahmin-Barendra
Hindu,Brahmin-Bengali
Hindu,Brahmin-Bhargava
Hindu,Brahmin-Bhatt
Hindu,Brahmin-Bhumihar
Hindu,Brahmin-Brahacharanam
Hindu,Brahmin-BrahmBhatt
Hindu,Brahmin-Brajastha Maithil
Hindu,Brahmin-Chittpavan Kokanastha
Hindu,Brahmin-Dadhich
Hindu,Brahmin-Daivadnya
Hindu,Brahmin-Danua
Hindu,Brahmin-Deshastha
Hindu,Brahmin-Devrukhe
Hindu,Brahmin-Dhiman
Hindu,Brahmin-Dravida
Hindu,Brahmin-Dunua
Hindu,Brahmin-Embrandiri
Hindu,Brahmin-Garhwali
Hindu,Brahmin-Gaud Saraswat (GSB)
Hindu,Brahmin-Gaur
Hindu,Brahmin-Gautam
Hindu,Brahmin-Goswami
Hindu,Brahmin-Gujar Gaur
Hindu,Brahmin-Gujrati
Hindu,Brahmin-Gurukkal
Hindu,Brahmin-Halua
Hindu,Brahmin-Havyaka
Hindu,Brahmin-Hoysala
Hindu,Brahmin-Iyengar
Hindu,Brahmin-Iyer
Hindu,Brahmin-Jangid
Hindu,Brahmin-Jangra
Hindu,Brahmin-Jhadua
Hindu,Brahmin-Jhijhotiya
Hindu,Brahmin-Jogi
Hindu,Brahmin-Jyotish
Hindu,Brahmin-Kannada
Hindu,Brahmin-Kanyakubj
Hindu,Brahmin-Karhade
Hindu,Brahmin-Karnataka
Hindu,Brahmin-Kashmiri Pandit
Hindu,Brahmin-Khadayat
Hindu,Brahmin-Khandelwal
Hindu,Brahmin-Khedaval
Hindu,Brahmin-Koknastha
Hindu,Brahmin-Kota
Hindu,Brahmin-Kulin
Hindu,Brahmin-Kumaoni
Hindu,Brahmin-Madhwa
Hindu,Brahmin-Maharastra
Hindu,Brahmin-Maithil
Hindu,Brahmin-Malviya
Hindu,Brahmin-Marwari
Hindu,Brahmin-Mevada
Hindu,Brahmin-Modh
Hindu,Brahmin-Mohapatra Mahapatra
Hindu,Brahmin-Mohyal
Hindu,Brahmin-Nagar
Hindu,Brahmin-Namboodiri
Hindu,Brahmin-Narmadiya
Hindu,Brahmin-Nayi / Nai
Hindu,Brahmin-Paliwal
Hindu,Brahmin-Panda
Hindu,Brahmin-Pandit
Hindu,Brahmin-Panicker
Hindu,Brahmin-Pareek
Hindu,Brahmin-Pushkarna
Hindu,Brahmin-Rajapuri Saraswat
Hindu,Brahmin-Rajasthani
Hindu,Brahmin-Rajgor
Hindu,Brahmin-Rarhi
Hindu,Brahmin-Rigvedi
Hindu,Brahmin-Rudraj
Hindu,Brahmin-Sachora
Hindu,Brahmin-Sakaldwipi
Hindu,Brahmin-Sanadya
Hindu,Brahmin-Sanchihar
Hindu,Brahmin-Sanketi
Hindu,Brahmin-Saraswat
Hindu,Brahmin-Sarotri
Hindu,Brahmin-Sarua
Hindu,Brahmin-Saryuparin
Hindu,Brahmin-Shivalli
Hindu,Brahmin-Shrimali
Hindu,Brahmin-Sikhwal
Hindu,Brahmin-Smartha
Hindu,Brahmin-Sri Vishnava
Hindu,Brahmin-Stanika
Hindu,Brahmin-Tapodhan
Hindu,Brahmin-Tyagi
Hindu,Brahmin-Utkal
Hindu,Brahmin-Vaidiki
Hindu,Brahmin-Vaikhanasa
Hindu,Brahmin-Vaikhawas
Hindu,Brahmin-Vaishnav
Hindu,Brahmin-Valam
Hindu,Brahmin-Velanadu
Hindu,Brahmin-Viswa
Hindu,Brahmin-Vyas
Hindu,Brahmin-Yajurvedi
Hindu,Brahmin-Zalora
Hindu,Brahmo
Hindu,Buddar
Hindu,Bunt Shetty
Hindu,Chalawadi / Holeya
Hindu,Chamar
Hindu,Chambhar
Hindu,Chandravanshi Kahar
Hindu,Charan
Hindu,Chasa
Hindu,Chattada Sri Vaishnava
Hindu,Chaudary
Hindu,Chaudary-Ghrit
Hindu,Chaurasia
Hindu,Chennadasar
Hindu,Cheramar
Hindu,Chettiar
Hindu,Chettiar-24 Manai Telugu Chettiar
Hindu,Chettiar-24 Manai Telugu Chettiar 16 Veedu
Hindu,Chettiar-24 Manai Telugu Chettiar 8 Veedu
Hindu,Chettiar-Achirapakkam Chettiar
Hindu,Chettiar-Agaram Vellan Chettiar
Hindu,Chettiar-Arya Vysya
Hindu,Chettiar-Ayira Vysya
Hindu,Chettiar-Beri Chettiar
Hindu,Chettiar-Devanga Chettiar
Hindu,Chettiar-Elur Chetty
Hindu,Chettiar-Gandla / Ganiga
Hindu,Chettiar-Kasukara
Hindu,Chettiar-Kongu Chettiar
Hindu,Chettiar-Kuruhini Chetty
Hindu,Chettiar-Manjapudur Chettiar
Hindu,Chettiar-Nattukottai Chettiar
Hindu,Chettiar-Padma Saliar
Hindu,Chettiar-Pannirandam Chettiar
Hindu,Chettiar-Parvatha Rajakulam
Hindu,Chettiar-Pattinavar
Hindu,Chettiar-Pattusali
Hindu,Chettiar-Sadhu Chetty
Hindu,Chettiar-Saiva Vellan Chettiar
Hindu,Chettiar-Senai Thalaivar
Hindu,Chettiar-Sozhia Chettiar
Hindu,Chettiar-Telugupatti
Hindu,Chettiar-Vadambar
Hindu,Chettiar-Vaniya Chettiar
Hindu,Chettiar-Vellan Chettiar
Hindu,Chhetri
Hindu,Chippolu Mera
Hindu,CKP
Hindu,Coorgi
Hindu,Coorgi-Kodava
Hindu,Dasapalanjika Kannada Saineegar
Hindu,Devadigas
Hindu,Devang Koshthi
Hindu,Devang Koshthi-Devanga
Hindu,Devang Koshthi-Devanga Chettiar
Hindu,Devanga
Hindu,Devendra Kula Vellalar
Hindu,Devipujak (Vaghri)
Hindu,Dewar / Dhibara
Hindu,Dhanak
Hindu,Dhangar
Hindu,Dhanuk
Hindu,Dheevara
Hindu,Dhiman
Hindu,Dhoba
Hindu,Dhobi
Hindu,Dhobi-Kanaujia
Hindu,Dhor / Dhoar
Hindu,Dommala
Hindu,Dumal
Hindu,Dusadh
Hindu,Edigas
Hindu,Ezhava
Hindu,Ezhava-Ezhava panicker
Hindu,Ezhava-Ezhava Thandan
Hindu,Ezhava-Kavuthiya
Hindu,Ezhava-Thiyya
Hindu,Ezhuthachan
Hindu,Gabit
Hindu,Ganda
Hindu,Gangai / Ganesh
Hindu,Ganiga
Hindu,Ganiga-Shiva Jyothipana
Hindu,Garhwali
Hindu,Gatti
Hindu,Gavali
Hindu,Gavandi
Hindu,Gavara
Hindu,Ghasi
Hindu,Ghisadi
Hindu,Ghumar
Hindu,Goala
Hindu,Goan
Hindu,Gond Gondi Raj Gond
Hindu,Gondhali
Hindu,Gopal
Hindu,Goud
Hindu,Gounder
Hindu,Gounder-Kongu Vellala Gounder
Hindu,Gounder-Nattu Gounder
Hindu,Gounder-Urali Gounder
Hindu,Gounder-Vanniya Kula Kshatriyar
Hindu,Gounder-Vettuva Gounder
Hindu,Gowda
Hindu,Gowda-Arebashe
Hindu,Gowda-Bunt
Hindu,Gowda-Das
Hindu,Gowda-Gangadikar
Hindu,Gowda-Gowda-Kuruba Gowda
Hindu,Gowda-Hallikar
Hindu,Gowda-Hosadevaru
Hindu,Gowda-Kunchitaga
Hindu,Gowda-Morasu
Hindu,Gowda-Musuku
Hindu,Gowda-Namadari
Hindu,Gowda-Okkaliga
Hindu,Gowda-Reddy
Hindu,Gowda-Sarpa
Hindu,Gowda-Uttamakula
Hindu,Gramani
Hindu,Gudia
Hindu,Gujjar
Hindu,Gujjar-Dode
Hindu,Gujjar-Leva
Hindu,Guptan
Hindu,Gurav
Hindu,Halba Koshti
Hindu,Hegde
Hindu,Helava
Hindu,Holar
Hindu,Jaalari
Hindu,Jaiswal
Hindu,Jandra
Hindu,Jangam
Hindu,Jat
Hindu,Jat-Agharia
Hindu,Jat-Agoh
Hindu,Jat-Agra
Hindu,Jat-Ahlawat
Hindu,Jat-Alwal
Hindu,Jat-Antil / Antal
Hindu,Jat-Arya
Hindu,Jat-Badhwar
Hindu,Jat-Bagaria
Hindu,Jat-Bagri
Hindu,Jat-Bains
Hindu,Jat-Balhara
Hindu,Jat-Balyan
Hindu,Jat-Bana
Hindu,Jat-Barach
Hindu,Jat-Bargoti
Hindu,Jat-Beniwal
Hindu,Jat-Bhal
Hindu,Jat-Bhambu
Hindu,Jat-Bhodu
Hindu,Jat-Bomal
Hindu,Jat-Budania
Hindu,Jat-Bugaliya
Hindu,Jat-Burdak
Hindu,Jat-Chahal
Hindu,Jat-Chaudhry
Hindu,Jat-Chauhan
Hindu,Jat-Chhikara / Chikara
Hindu,Jat-Chillar
Hindu,Jat-Dabas
Hindu,Jat-Dagar
Hindu,Jat-Dagua
Hindu,Jat-Dahiya
Hindu,Jat-Dalal
Hindu,Jat-Dangi
Hindu,Jat-Dara
Hindu,Jat-Deshwal
Hindu,Jat-Dhaka
Hindu,Jat-Dhama
Hindu,Jat-Dhanchak
Hindu,Jat-Dhanda
Hindu,Jat-Dhankhar
Hindu,Jat-Dhillon
Hindu,Jat-Dhomi
Hindu,Jat-Dhoot
Hindu,Jat-Dhoriwal
Hindu,Jat-Dhull
Hindu,Jat-Dollya
Hindu,Jat-Dudi
Hindu,Jat-Duhan
Hindu,Jat-Gahlot
Hindu,Jat-Garhwal
Hindu,Jat-Gehlawat
Hindu,Jat-Ghangas
Hindu,Jat-Gill
Hindu,Jat-Godara
Hindu,Jat-Grewal
Hindu,Jat-Gulia
Hindu,Jat-Heer
Hindu,Jat-Hooda
Hindu,Jat-Jaglon
Hindu,Jat-Jakhar
Hindu,Jat-Jam
Hindu,Jat-Jaswal
Hindu,Jat-Jatasra
Hindu,Jat-Jewlia
Hindu,Jat-Jutrana
Hindu,Jat-Kadian
Hindu,Jat-Kahlon
Hindu,Jat-Kajala
Hindu,Jat-Kakran
Hindu,Jat-Kalen
Hindu,Jat-Kaliramna
Hindu,Jat-Kalkhanse
Hindu,Jat-Karwasra
Hindu,Jat-Kaswan
Hindu,Jat-Kataria
Hindu,Jat-Khakar
Hindu,Jat-Khallia
Hindu,Jat-Kharb
Hindu,Jat-Khatkar
Hindu,Jat-Khatri
Hindu,Jat-Kherwa
Hindu,Jat-Khichad
Hindu,Jat-Kothari
Hindu,Jat-Kuhar
Hindu,Jat-Kulhari
Hindu,Jat-Kundu
Hindu,Jat-Lakhlan
Hindu,Jat-Lakra
Hindu,Jat-Lamba
Hindu,Jat-Lamoria
Hindu,Jat-Lather
Hindu,Jat-Lathwal
Hindu,Jat-Latiyan
Hindu,Jat-Laur
Hindu,Jat-Lehga
Hindu,Jat-Maan
Hindu,Jat-Mahan
Hindu,Jat-Malhan
Hindu,Jat-Malik
Hindu,Jat-Mandhan
Hindu,Jat-Mangat
Hindu,Jat-Mann Rai
Hindu,Jat-Meel
Hindu,Jat-Mehria
Hindu,Jat-Mhla
Hindu,Jat-Mohar
Hindu,Jat-Moond
Hindu,Jat-Mor / More
Hindu,Jat-Nain
Hindu,Jat-Nairwal
Hindu,Jat-Nandal
Hindu,Jat-Nara
Hindu,Jat-Natt / Nat
Hindu,Jat-Nauhr
Hindu,Jat-Nehra
Hindu,Jat-Nitharwal
Hindu,Jat-Ola
Hindu,Jat-Pachehra
Hindu,Jat-Palsania
Hindu,Jat-Panghal
Hindu,Jat-Panwar
Hindu,Jat-Parihar
Hindu,Jat-Pattor
Hindu,Jat-Pawar
Hindu,Jat-Phalaswal
Hindu,Jat-Phogat
Hindu,Jat-Pilania
Hindu,Jat-Pooni
Hindu,Jat-Punia
Hindu,Jat-Rahan
Hindu,Jat-Rajaura
Hindu,Jat-Rana
Hindu,Jat-Rangi
Hindu,Jat-Ranwa
Hindu,Jat-Rao
Hindu,Jat-Rathi
Hindu,Jat-Rawal
Hindu,Jat-Redhu
Hindu,Jat-Repswal
Hindu,Jat-Saharan
Hindu,Jat-Sandhi
Hindu,Jat-Sangawan
Hindu,Jat-Sansanwal
Hindu,Jat-Saran
Hindu,Jat-Saroha
Hindu,Jat-Sarot
Hindu,Jat-Sehrawat
Hindu,Jat-Sheoran
Hindu,Jat-Shokeen
Hindu,Jat-Sidhu
Hindu,Jat-Sikarwar
Hindu,Jat-Sindhu
Hindu,Jat-Singhal
Hindu,Jat-Sinsinwar
Hindu,Jat-Sirohi
Hindu,Jat-Siwach
Hindu,Jat-Solanki
Hindu,Jat-Suhag
Hindu,Jat-Sunda
Hindu,Jat-Takhar
Hindu,Jat-Tanar
Hindu,Jat-Tanwar
Hindu,Jat-Tevatia
Hindu,Jat-Thakaran
Hindu,Jat-Thenua
Hindu,Jat-Thori
Hindu,Jat-Tokas
Hindu,Jat-Tomar
Hindu,Jatav
Hindu,Jetty Malla
Hindu,Jingar
Hindu,Julaha
Hindu,Kachara
Hindu,Kahar
Hindu,Kaibarta
Hindu,Kaikaala
Hindu,Kakkalan
Hindu,Kalal
Hindu,Kalanji
Hindu,Kalar
Hindu,Kalinga
Hindu,Kalinga Vysya
Hindu,Kalita
Hindu,Kalwar
Hindu,Kamboj
Hindu,Kamma
Hindu,Kammala
Hindu,Kanakaan Padonna
Hindu,Kanakkan Padanna
Hindu,Kandara
Hindu,Kaniyan
Hindu,Kansari
Hindu,Kansyakaar
Hindu,Kapol
Hindu,Kapu
Hindu,Kapu-Balija/Balija Naidu
Hindu,Kapu-Ediga /Goud (Balija)
Hindu,Kapu-Gajula / Kavarai
Hindu,Kapu-Kapu All
Hindu,Kapu-Kapu Munnuru
Hindu,Kapu-Kapu Naidu
Hindu,Kapu-kurupu / Kapu
Hindu,Kapu-Ontari
Hindu,Kapu-Perika
Hindu,Kapu-Reddy
Hindu,Kapu-Setty Balija
Hindu,Kapu-Surya Balija
Hindu,Kapu-Telaga
Hindu,Kapu-Turupu Kapu
Hindu,Kapu-Velama
Hindu,Kapu Munnuru
Hindu,Karakala Bhakthula
Hindu,Karana
Hindu,Karmakar
Hindu,Karuneegar
Hindu,Kasar
Hindu,Kashyap
Hindu,Kashyap-Nishad
Hindu,Katiya
Hindu,Kayastha
Hindu,Kayastha-Ambastha
Hindu,Kayastha-Ambastha Kayastha
Hindu,Kayastha-Asthana
Hindu,Kayastha-Barujibi
Hindu,Kayastha-Basu
Hindu,Kayastha-Bengali Kayastha
Hindu,Kayastha-Bhatnagar
Hindu,Kayastha-Bose
Hindu,Kayastha-Chanda
Hindu,Kayastha-Dass
Hindu,Kayastha-Dey
Hindu,Kayastha-Dhar
Hindu,Kayastha-Dutta
Hindu,Kayastha-Ghosh
Hindu,Kayastha-Gour
Hindu,Kayastha-Guha
Hindu,Kayastha-Johri
Hindu,Kayastha-Karna
Hindu,Kayastha-Kars
Hindu,Kayastha-Kulin
Hindu,Kayastha-Kulshreshtha
Hindu,Kayastha-Mathur
Hindu,Kayastha-Mitra
Hindu,Kayastha-Nag
Hindu,Kayastha-Nandi
Hindu,Kayastha-Nigam
Hindu,Kayastha-Palit
Hindu,Kayastha-Paul
Hindu,Kayastha-Rakshit
Hindu,Kayastha-Rarhi
Hindu,Kayastha-Roy
Hindu,Kayastha-Saxena
Hindu,Kayastha-Sen
Hindu,Kayastha-Sil
Hindu,Kayastha-Sinha
Hindu,Kayastha-Srivastava
Hindu,Khandayat
Hindu,Khandayat-Kalinja
Hindu,Kharvi
Hindu,Kharwar
Hindu,Khatik
Hindu,Khatri
Hindu,Khatri-Anand
Hindu,Khatri-Arora
Hindu,Khatri-Bagga
Hindu,Khatri-Bahl
Hindu,Khatri-Batra
Hindu,Khatri-Bedi
Hindu,Khatri-Behal
Hindu,Khatri-Behl
Hindu,Khatri-Beri
Hindu,Khatri-Bhalla
Hindu,Khatri-Bhandari
Hindu,Khatri-Bhasin
Hindu,Khatri-Bhatti
Hindu,Khatri-Chaddha
Hindu,Khatri-Chadha
Hindu,Khatri-Chandok
Hindu,Khatri-Chaudhary
Hindu,Khatri-Chhabra
Hindu,Khatri-Chopra
Hindu,Khatri-Choudhuri
Hindu,Khatri-Dang
Hindu,Khatri-Dhawan
Hindu,Khatri-Dhir
Hindu,Khatri-Duggal
Hindu,Khatri-Ghai
Hindu,Khatri-Handa
Hindu,Khatri-Jaggi
Hindu,Khatri-Jairath
Hindu,Khatri-Jerath
Hindu,Khatri-Jham
Hindu,Khatri-Kakkar
Hindu,Khatri-Kapur / Kapoor
Hindu,Khatri-Kehar
Hindu,Khatri-Khanna
Hindu,Khatri-Khosla
Hindu,Khatri-Khukrain
Hindu,Khatri-Khullar
Hindu,Khatri-Kochar
Hindu,Khatri-Kohli
Hindu,Khatri-Lamba
Hindu,Khatri-Mahendru
Hindu,Khatri-Malhotra
Hindu,Khatri-Marwah
Hindu,Khatri-Mehra
Hindu,Khatri-Mehta
Hindu,Khatri-Nagrath
Hindu,Khatri-Nanda
Hindu,Khatri-Nayyar
Hindu,Khatri-Oberoi
Hindu,Khatri-Ohri
Hindu,Khatri-Passi
Hindu,Khatri-Puri
Hindu,Khatri-Sabharwal
Hindu,Khatri-Sahni
Hindu,Khatri-Sareen
Hindu,Khatri-Sarin
Hindu,Khatri-Sawhney
Hindu,Khatri-Sehgal
Hindu,Khatri-Sekhri
Hindu,Khatri-Seth
Hindu,Khatri-Sethi
Hindu,Khatri-Sobto
Hindu,Khatri-Sodhi
Hindu,Khatri-Sondhi
Hindu,Khatri-Soni
Hindu,Khatri-Sood
Hindu,Khatri-Suri
Hindu,Khatri-Talwar
Hindu,Khatri-Tandon
Hindu,Khatri-Thapar
Hindu,Khatri-Tuli
Hindu,Khatri-Uppal
Hindu,Khatri-Vadhera
Hindu,Khatri-Verma
Hindu,Khatri-Vij
Hindu,Khatri-Vohra
Hindu,Khatri-Wadhawan
Hindu,Khatri-Wahi
Hindu,Khatri-Walia
Hindu,Koeri / Koiri
Hindu,Koli
Hindu,Koli-Koli Mahadev
Hindu,Koli-Koli Patel
Hindu,Koli-Mangela
Hindu,Koli Mahadev
Hindu,Kondara
Hindu,Kongu Vellala Gounder
Hindu,Kongu Vellala Gounder-Aadai
Hindu,Kongu Vellala Gounder-Aadhi
Hindu,Kongu Vellala Gounder-Aanthai
Hindu,Kongu Vellala Gounder-Aavan
Hindu,Kongu Vellala Gounder-Alagan
Hindu,Kongu Vellala Gounder-Andai
Hindu,Kongu Vellala Gounder-Andhuvan
Hindu,Kongu Vellala Gounder-Cheran
Hindu,Kongu Vellala Gounder-Devendran
Hindu,Kongu Vellala Gounder-Eenjan
Hindu,Kongu Vellala Gounder-Ennai
Hindu,Kongu Vellala Gounder-Kaadai
Hindu,Kongu Vellala Gounder-Kaari
Hindu,Kongu Vellala Gounder-Kanakkan
Hindu,Kongu Vellala Gounder-Kannan
Hindu,Kongu Vellala Gounder-Kannandhai
Hindu,Kongu Vellala Gounder-Keeran
Hindu,Kongu Vellala Gounder-Koorai
Hindu,Kongu Vellala Gounder-Koventhar
Hindu,Kongu Vellala Gounder-Kuzhlaayan
Hindu,Kongu Vellala Gounder-Maadai
Hindu,Kongu Vellala Gounder-Maniyan
Hindu,Kongu Vellala Gounder-Medhi
Hindu,Kongu Vellala Gounder-Muthan
Hindu,Kongu Vellala Gounder-Muzhlukkadhan
Hindu,Kongu Vellala Gounder-Nattu Gounder
Hindu,Kongu Vellala Gounder-Odhaalar
Hindu,Kongu Vellala Gounder-Paandian
Hindu,Kongu Vellala Gounder-Padaithalaiyan
Hindu,Kongu Vellala Gounder-Panaiyan
Hindu,Kongu Vellala Gounder-Panangadai
Hindu,Kongu Vellala Gounder-Pannai
Hindu,Kongu Vellala Gounder-Pannan
Hindu,Kongu Vellala Gounder-Pavalan
Hindu,Kongu Vellala Gounder-Payiran
Hindu,Kongu Vellala Gounder-Periyan
Hindu,Kongu Vellala Gounder-Perizhanthan
Hindu,Kongu Vellala Gounder-Perunkudi
Hindu,Kongu Vellala Gounder-Pillan
Hindu,Kongu Vellala Gounder-Podiyan
Hindu,Kongu Vellala Gounder-Ponnan
Hindu,Kongu Vellala Gounder-Poochadhai Poodhiyan
Hindu,Kongu Vellala Gounder-Poosan
Hindu,Kongu Vellala Gounder-Sathandhai
Hindu,Kongu Vellala Gounder-Sedan
Hindu,Kongu Vellala Gounder-Sellan
Hindu,Kongu Vellala Gounder-Sempoothan
Hindu,Kongu Vellala Gounder-Sengannan
Hindu,Kongu Vellala Gounder-Sengunni
Hindu,Kongu Vellala Gounder-Seralan
Hindu,Kongu Vellala Gounder-Sevadi
Hindu,Kongu Vellala Gounder-Thodai
Hindu,Kongu Vellala Gounder-Thooran
Hindu,Kongu Vellala Gounder-Vannakkan
Hindu,Kongu Vellala Gounder-Veliyan
Hindu,Kongu Vellala Gounder-Vellamban
Hindu,Kongu Vellala Gounder-Venduvan
Hindu,Kongu Vellala Gounder-Viliyan
Hindu,Kongu Vellala Gounder-Villi
Hindu,Konkani
Hindu,Koracha
Hindu,Korama
Hindu,Kori
Hindu,Kori / Koli
Hindu,Korvi
Hindu,Koshti
Hindu,Krishnavaka
Hindu,Kshatriya
Hindu,Kshatriya-Agnikula Kshatriya
Hindu,Kshatriya-Aguri Ugra Kshatriya
Hindu,Kshatriya-Amethia
Hindu,Kshatriya-Bachhil
Hindu,Kshatriya-Bagel
Hindu,Kshatriya-Baghela / Veghela
Hindu,Kshatriya-Banafar
Hindu,Kshatriya-Bhadoria
Hindu,Kshatriya-Bhandari
Hindu,Kshatriya-Bhardwaj
Hindu,Kshatriya-Bhatraju
Hindu,Kshatriya-Bhavasar Kshatriya
Hindu,Kshatriya-Bundela
Hindu,Kshatriya-Chopra
Hindu,Kshatriya-Chudasa
Hindu,Kshatriya-Dangi
Hindu,Kshatriya-Dhawan
Hindu,Kshatriya-Dixit
Hindu,Kshatriya-Gaherwar
Hindu,Kshatriya-Gargvansi
Hindu,Kshatriya-Gaur
Hindu,Kshatriya-Hada
Hindu,Kshatriya-Haihaivanshi
Hindu,Kshatriya-Jaiswar
Hindu,Kshatriya-Janwar
Hindu,Kshatriya-Kandera
Hindu,Kshatriya-Kapur
Hindu,Kshatriya-Katiyar
Hindu,Kshatriya-Khandayat
Hindu,Kshatriya-Khanna
Hindu,Kshatriya-Khare
Hindu,Kshatriya-Kshatriya Raju
Hindu,Kshatriya-Kshatriya Raju Chandravamsam
Hindu,Kshatriya-Kshatriya Raju Suryavamsam
Hindu,Kshatriya-Kumawat
Hindu,Kshatriya-Kurmi
Hindu,Kshatriya-Mehra
Hindu,Kshatriya-Nagvanshi
Hindu,Kshatriya-Negi
Hindu,Kshatriya-Niari
Hindu,Kshatriya-Nikhumbh
Hindu,Kshatriya-Paliwal
Hindu,Kshatriya-Pawar
Hindu,Kshatriya-Perika Puragiri Kshatriya
Hindu,Kshatriya-Pundir
Hindu,Kshatriya-Raikwar
Hindu,Kshatriya-Rajkumar
Hindu,Kshatriya-Rajwar
Hindu,Kshatriya-Rama Kshatriya
Hindu,Kshatriya-Rathor
Hindu,Kshatriya-Rawal
Hindu,Kshatriya-Rawat
Hindu,Kshatriya-Sahni
Hindu,Kshatriya-Saithwar- Mall
Hindu,Kshatriya-Sami
Hindu,Kshatriya-Sengar
Hindu,Kshatriya-Seth
Hindu,Kshatriya-Shrinet
Hindu,Kshatriya-Singh
Hindu,Kshatriya-Sisodiya
Hindu,Kshatriya-Soma Vamsha Arya Kshatriya
Hindu,Kshatriya-Somavanshi Sahasrarjun Kshatriya
Hindu,Kshatriya-Somvanshi
Hindu,Kshatriya-Tandon
Hindu,Kshatriya-Tanwar
Hindu,Kshatriya-Thogata Veera Kshatriya
Hindu,Kshatriya-Tomar / Tanwar
Hindu,Kshatriya-Tong Kshatriya
Hindu,Kshatriya-Vahi
Hindu,Kshatriya-Vohra
Hindu,Kshatriya-Wadhwa
Hindu,Kshatriya Agnikula
Hindu,Kudumbi
Hindu,Kulalar
Hindu,Kulita
Hindu,Kumaoni
Hindu,Kumawat
Hindu,Kumbhakar
Hindu,Kumhar / Kumbhar
Hindu,Kummari
Hindu,Kunbi
Hindu,Kunbi-Ghatode
Hindu,Kunbi-Kunbi- Dhanoje
Hindu,Kunbi-Kunbi- Khaire
Hindu,Kunbi-Kunbi- Khedule
Hindu,Kunbi-Kunbi- Lonari
Hindu,Kunbi-Kunbi- Maratha
Hindu,Kunbi-Kunbi- Tirale
Hindu,Kunbi-Zade
Hindu,Kurava
Hindu,Kuravan / Kuravar
Hindu,Kurmi
Hindu,Kurmi-Awadhiya
Hindu,Kurmi-Baghel
Hindu,Kurmi-Chandel
Hindu,Kurmi-Chandra
Hindu,Kurmi-Chandrakar
Hindu,Kurmi-Chandrawanshi
Hindu,Kurmi-Chaudhary
Hindu,Kurmi-Chaudhury
Hindu,Kurmi-Deshmukh
Hindu,Kurmi-Gangwar
Hindu,Kurmi-Ghamaila
Hindu,Kurmi-Jaiswar
Hindu,Kurmi-Kashyap
Hindu,Kurmi-Katiyar
Hindu,Kurmi-Kochyasa
Hindu,Kurmi-Kumar
Hindu,Kurmi-Kushwaha (Koiri)
Hindu,Kurmi-Mahata
Hindu,Kurmi-Mahato
Hindu,Kurmi-Mahto
Hindu,Kurmi-Parganiha
Hindu,Kurmi-Patel
Hindu,Kurmi-Patidar
Hindu,Kurmi-Prasad
Hindu,Kurmi-Rai
Hindu,Kurmi-Sachan
Hindu,Kurmi-Singh
Hindu,Kurmi-Verma
Hindu,Kurmi Kshatriya
Hindu,Kurmi Kshatriya-Awadhya
Hindu,Kurmi Kshatriya-Baghel
Hindu,Kurmi Kshatriya-Chandel
Hindu,Kurmi Kshatriya-Chandra
Hindu,Kurmi Kshatriya-Chandrakar
Hindu,Kurmi Kshatriya-Chandrawanshi
Hindu,Kurmi Kshatriya-Chaudhury
Hindu,Kurmi Kshatriya-Deshmukh
Hindu,Kurmi Kshatriya-Gangwar
Hindu,Kurmi Kshatriya-Ghamaila
Hindu,Kurmi Kshatriya-Jaiswar
Hindu,Kurmi Kshatriya-Kashyap
Hindu,Kurmi Kshatriya-Katiyar
Hindu,Kurmi Kshatriya-Kochaisa
Hindu,Kurmi Kshatriya-Kumar
Hindu,Kurmi Kshatriya-Kushwaha Koiri
Hindu,Kurmi Kshatriya-Mahata
Hindu,Kurmi Kshatriya-Mahato
Hindu,Kurmi Kshatriya-Mahto
Hindu,Kurmi Kshatriya-Parganiha
Hindu,Kurmi Kshatriya-Patel
Hindu,Kurmi Kshatriya-Prasad
Hindu,Kurmi Kshatriya-Rai
Hindu,Kurmi Kshatriya-Sachan
Hindu,Kurmi Kshatriya-Singh
Hindu,Kurmi Kshatriya-Verma
Hindu,Kuruba
Hindu,Kuruhina Shetty
Hindu,Kurumbar
Hindu,Kuruva
Hindu,Kushwaha
Hindu,Kutchi
Hindu,Kutchi Gurjar
Hindu,Lambadi
Hindu,Laxminarayan gola
Hindu,Leva Patidar
Hindu,Leva Patil
Hindu,Lingayat
Hindu,Lingayat-Agasa
Hindu,Lingayat-Akkasali
Hindu,Lingayat-Aradhya
Hindu,Lingayat-Balegala
Hindu,Lingayat-Banagar
Hindu,Lingayat-Banajiga
Hindu,Lingayat-Bhandari
Hindu,Lingayat-Bilijedaru
Hindu,Lingayat-Bilimagga
Hindu,Lingayat-Chaturtha
Hindu,Lingayat-Dikshwant
Hindu,Lingayat-Ganiga
Hindu,Lingayat-Gowda
Hindu,Lingayat-Gowli
Hindu,Lingayat-Gurav
Hindu,Lingayat-Hadapada
Hindu,Lingayat-Hatgar
Hindu,Lingayat-Hoogar / Hugar / Jeer
Hindu,Lingayat-Jadaru
Hindu,Lingayat-Jangam
Hindu,Lingayat-Kudu Vokkaliga
Hindu,Lingayat-Kumbar / Kumbara
Hindu,Lingayat-Kumbhar
Hindu,Lingayat-Kuruhina Setty
Hindu,Lingayat-lamba
Hindu,Lingayat-Lolagonda
Hindu,Lingayat-Madivala
Hindu,Lingayat-Malgar
Hindu,Lingayat-Mali
Hindu,Lingayat-Neelagar
Hindu,Lingayat-Neeli / Neelagar
Hindu,Lingayat-Neygi
Hindu,Lingayat-Nolamba
Hindu,Lingayat-Pancham
Hindu,Lingayat-Panchamasali
Hindu,Lingayat-Pattasali
Hindu,Lingayat-Reddy Reddi
Hindu,Lingayat-Sadar
Hindu,Lingayat-Sajjan / Sajjanaganigar
Hindu,Lingayat-Setty
Hindu,Lingayat-Shilwant
Hindu,Lingayat-Shiva Simpi
Hindu,Lingayat-Vani
Hindu,Lingayat-Veerashaiva
Hindu,Lohana
Hindu,Lohana-Ghoghari
Hindu,Lohana-Halai
Hindu,Lohana-Kutchi
Hindu,Lohana-Vaishnav
Hindu,Lohar
Hindu,Lubana
Hindu,Madiga
Hindu,Mahar
Hindu,Mahendra
Hindu,Maheshwari
Hindu,Mahindra
Hindu,Mahisya
Hindu,Majabi Mazhbi
Hindu,Mala
Hindu,Mali
Hindu,Mallah
Hindu,Mallah-Kewat / Keot
Hindu,Mallah-Nishad
Hindu,Manikpuri
Hindu,Manipuri
Hindu,Manjhi
Hindu,Mannan / Velon / Vannan
Hindu,Mapila
Hindu,Maratha
Hindu,Maratha-96 Kuli Maratha
Hindu,Maratha-96K Kokanastha
Hindu,Maratha-Aramari Gabit
Hindu,Maratha-Deshastha Maratha
Hindu,Maratha-Deshmukh
Hindu,Maratha-Deshtha Maratha
Hindu,Maratha-Gomantak Maratha
Hindu,Maratha-Jhadav
Hindu,Maratha-Kokanastha Maratha
Hindu,Maratha-Kunbi Dhanoje
Hindu,Maratha-Kunbi Khaire
Hindu,Maratha-Kunbi Khedule
Hindu,Maratha-Kunbi Lonari
Hindu,Maratha-Kunbi Maratha
Hindu,Maratha-Kunbi Tirale
Hindu,Maratha-Malwani
Hindu,Maratha-Maratha Kshatriya
Hindu,Maratha-Parit
Hindu,Maratha-Patil
Hindu,Maratha-Sonar
Hindu,Maratha-Suthar
Hindu,Maratha-Vani
Hindu,Maravar
Hindu,Maruthuvar
Hindu,Matang
Hindu,Maurya
Hindu,Maurya-Kachchi
Hindu,Maurya-Kushwaha
Hindu,Meda
Hindu,Meena
Hindu,Meenavar
Hindu,Meghwal
Hindu,Mehra
Hindu,Mehtar
Hindu,Menon
Hindu,Meru
Hindu,Meru darji
Hindu,Mochi
Hindu,Modak
Hindu,Mogaveera
Hindu,Monchi
Hindu,Motati Reddy
Hindu,Mudaliar
Hindu,Mudaliar-Agamudayar/Arcot/Thuluva Vellala
Hindu,Mudaliar-Isai Vellalar
Hindu,Mudaliar-Kerala Mudali
Hindu,Mudaliar-Kongu Vellala Gounder
Hindu,Mudaliar-Mudailiar Arcot
Hindu,Mudaliar-Mudaliar All
Hindu,Mudaliar-Mudaliar Saiva
Hindu,Mudaliar-Mudaliar Sengupta
Hindu,Mudaliar-Saiva Pillai Tirunelveli
Hindu,Mudaliar-Sengunthar/Kaikolar
Hindu,Mudaliar-Sozhiya Vellalar
Hindu,Mudaliar-Thondai Mandala Vellala
Hindu,Mudaliar-Veerakodi Vellala
Hindu,Mudaliar Arcot
Hindu,Mudiraj
Hindu,Muthuraja
Hindu,Naagavamsam
Hindu,Nadar
Hindu,Nadar-Kongu Nadar
Hindu,Nagaralu
Hindu,Naicker
Hindu,Naicker-Naicker others
Hindu,Naicker-Naicker-Vanniya Kula Kshatriyar
Hindu,Naicker-Rajaka Chakali Dhobi
Hindu,Naidu
Hindu,Naidu-Balija Naidu
Hindu,Naidu-Ediga /Goud
Hindu,Naidu-Gajula Kavarai
Hindu,Naidu-Gavara
Hindu,Naidu-Kamma
Hindu,Naidu-Kapu Naidu
Hindu,Naidu-Munnuru Kapu
Hindu,Naidu-Mutharaja
Hindu,Naidu-Perika
Hindu,Naidu-Raja Kambalathu Naicker
Hindu,Naidu-Raju
Hindu,Naidu-Reddy
Hindu,Naidu-Shetty Balija
Hindu,Naidu-Surya Balija
Hindu,Naidu-Telaga
Hindu,Naidu-Turupu Kapu
Hindu,Naidu-Vada Balija
Hindu,Naidu-Vadugan
Hindu,Naidu-Velama
Hindu,Naidu-Yadava Naidu
Hindu,Naik Nayak Nayaka
Hindu,Nair
Hindu,Nair-Adiyodi
Hindu,Nair-Anthur
Hindu,Nair-Chekkala Nair
Hindu,Nair-Illam
Hindu,Nair-Kaimal
Hindu,Nair-Kartha
Hindu,Nair-Kiryathil
Hindu,Nair-Kurup
Hindu,Nair-Maniyani
Hindu,Nair-Mannadiar
Hindu,Nair-Marar
Hindu,Nair-Menon
Hindu,Nair-Nair All
Hindu,Nair-Nair-Vaniya
Hindu,Nair-Nambiar
Hindu,Nair-Panicker
Hindu,Nair-Pillai
Hindu,Nair-Poduval
Hindu,Nair-Thampi
Hindu,Nair-Tharakan
Hindu,Nair-Unnithan
Hindu,Nair-Vellala Pillai
Hindu,Nair-Veluthedathu
Hindu,Nair-Vilakkithala
Hindu,Nair Veluthedathu
Hindu,Nair Vilakkithala
Hindu,Namasudra / Namosudra
Hindu,Nambiar
Hindu,Nambisan
Hindu,Namboodiri
Hindu,Namdev Chhipa
Hindu,Nandiwale
Hindu,Napit
Hindu,Nath Jogi
Hindu,Nayee (Barber)
Hindu,Nepali
Hindu,Nessi / Kurni
Hindu,Nhavi
Hindu,Nonia
Hindu,OBC
Hindu,Odan
Hindu,Oraon
Hindu,Oswal
Hindu,Otari
Hindu,Others
Hindu,Padmashali
Hindu,Padmashali-Devanga
Hindu,Padmashali-Jaandra
Hindu,Padmashali-Kaikaala
Hindu,Padmashali-Karakala Bhakthula
Hindu,Padmashali-Karni Bhakthula
Hindu,Padmashali-Kurni
Hindu,Padmashali-Neeli Saali
Hindu,Padmashali-Nessi
Hindu,Padmashali-Pattusali
Hindu,Padmashali-Shettigar
Hindu,Padmashali-Swakula Saali
Hindu,Padmashali-Thogata Veerakshathriya
Hindu,Pal
Hindu,Panan
Hindu,Panchal
Hindu,Panchamsali
Hindu,Pandaram
Hindu,Panicker
Hindu,Pano
Hindu,Paravan Bhartar
Hindu,Parkava Kulam
Hindu,Parvatha Rajakulam
Hindu,Pasi
Hindu,Paswan / Dusadh
Hindu,Patel
Hindu,Patel-Anjana (Chowdary) Patel
Hindu,Patel-Desai
Hindu,Patel-Dodia
Hindu,Patel-Kadava Patel
Hindu,Patel-Leva Patel
Hindu,Patel-Matia Patel
Hindu,Patel-Patel Desai
Hindu,patel Dodia
Hindu,patel Kadva
Hindu,patel Leva
Hindu,patel Leva-27 Gam
Hindu,patel Leva-Baavis Gam
Hindu,patel Leva-Chaa Gam
Hindu,patel Leva-Chovis Gam
Hindu,patel Leva-Mota Sattavi
Hindu,patel Leva-Nani Sattavi
Hindu,patel Leva-Panch Gam
Hindu,Patel Lodhi
Hindu,Pathare Prabhu
Hindu,Patnaick
Hindu,Patra
Hindu,Perika
Hindu,Pillai
Hindu,Pillai-Aaru Nattu Vellala
Hindu,Pillai-Agamudayar/Arcot/Thuluva Vellala
Hindu,Pillai-Cherakula Vellalar
Hindu,Pillai-Desikar
Hindu,Pillai-Desikar Thanjavur
Hindu,Pillai-Illaththu Pillai
Hindu,Pillai-Isai Vellalar
Hindu,Pillai-Karkathar
Hindu,Pillai-Kodikal Pillai
Hindu,Pillai-Nanjil
Hindu,Pillai-Nanjil Mudali
Hindu,Pillai-Nankudi Vellalar
Hindu,Pillai-Othuvaar
Hindu,Pillai-Pandiya Vellalar
Hindu,Pillai-Saiva Pillai Thanjavur
Hindu,Pillai-Saiva Pillai Tirunelvi
Hindu,Pillai-Sengunthar/Kaikolar
Hindu,Pillai-Sozhiya Vellalar
Hindu,Pillai-Thondai Mandala Vellala
Hindu,Pillai-Veerakodi Vellala
Hindu,Pillai-Vellala Pillai
Hindu,Pollon Devandra Kula Vellalan
Hindu,Ponan
Hindu,Poosala
Hindu,Poundra
Hindu,Prajapati
Hindu,Pulaya Chruman
Hindu,Rabari
Hindu,Raigar
Hindu,Raikwar
Hindu,Rajaka
Hindu,Rajaka-Rajaka Vannar
Hindu,Rajbhar
Hindu,Rajbongshi
Hindu,Rajpurohit
Hindu,Rajput
Hindu,Rajput-Aheria Rajput
Hindu,Rajput-Baghel
Hindu,Rajput-Bais
Hindu,Rajput-Bankawat
Hindu,Rajput-Bargujar
Hindu,Rajput-Bhadauria
Hindu,Rajput-Bharbhunja
Hindu,Rajput-Bhatti
Hindu,Rajput-Bhriguvansha
Hindu,Rajput-Bisen
Hindu,Rajput-Bisht
Hindu,Rajput-Chandel
Hindu,Rajput-Chandravanshi
Hindu,Rajput-Chandrawat
Hindu,Rajput-Chauhan
Hindu,Rajput-Chawda / Chavada
Hindu,Rajput-Chib
Hindu,Rajput-Chundawat
Hindu,Rajput-Dhakare
Hindu,Rajput-Dixit
Hindu,Rajput-Doad
Hindu,Rajput-Dogra
Hindu,Rajput-Durgavanshi
Hindu,Rajput-Gahlot
Hindu,Rajput-Garhwal
Hindu,Rajput-Gautam
Hindu,Rajput-Gogawat
Hindu,Rajput-Gohil
Hindu,Rajput-Goud / Gaur
Hindu,Rajput-Jadeja
Hindu,Rajput-Jadon
Hindu,Rajput-Jamwal
Hindu,Rajput-Janjua
Hindu,Rajput-Jasrotia
Hindu,Rajput-Jaswal
Hindu,Rajput-Jhala
Hindu,Rajput-Kachwaha
Hindu,Rajput-Kalyat
Hindu,Rajput-Katoch
Hindu,Rajput-Kaushik
Hindu,Rajput-Khadagvanshi Khagi
Hindu,Rajput-Khangarot
Hindu,Rajput-Khati
Hindu,Rajput-Kirar
Hindu,Rajput-Kumaoni
Hindu,Rajput-Kuruvanshi
Hindu,Rajput-Kushwaha
Hindu,Rajput-Lodhi Rajput
Hindu,Rajput-Loniya Lonia Lunia
Hindu,Rajput-Madad
Hindu,Rajput-Mahror
Hindu,Rajput-Mahthan
Hindu,Rajput-Mahyavanshi
Hindu,Rajput-Manhas
Hindu,Rajput-Nagvanshi
Hindu,Rajput-Naruka
Hindu,Rajput-Nathawat
Hindu,Rajput-Negi
Hindu,Rajput-Nikumbh
Hindu,Rajput-Oad Rajput
Hindu,Rajput-Parihar
Hindu,Rajput-Parmar
Hindu,Rajput-Pratihar
Hindu,Rajput-Pundir
Hindu,Rajput-Raghuvanshi
Hindu,Rajput-Rajawal
Hindu,Rajput-Rajput Swarnkar
Hindu,Rajput-Rana
Hindu,Rajput-Rao
Hindu,Rajput-Rathore
Hindu,Rajput-Rawa Rajput
Hindu,Rajput-Rawal
Hindu,Rajput-Rohilla
Hindu,Rajput-Sagar Rajput
Hindu,Rajput-Sainthwar Rajput
Hindu,Rajput-Sarangdevot
Hindu,Rajput-Shakya
Hindu,Rajput-Shekhawat
Hindu,Rajput-Sikarwar
Hindu,Rajput-Singh
Hindu,Rajput-Sisodia
Hindu,Rajput-Solanki
Hindu,Rajput-Somvansha
Hindu,Rajput-Surwar
Hindu,Rajput-Suryavanshi
Hindu,Rajput-Tanwar
Hindu,Rajput-Thakur
Hindu,Rajput-Tomar
Hindu,Rajput-Ujjain
Hindu,Rajput-Vaishhya
Hindu,Rajput Garhwali
Hindu,Rajput Kumaoni
Hindu,Rajput Rohella Tank
Hindu,Ramdasia
Hindu,Ramgarhia
Hindu,Ramoshi Berad Bedar
Hindu,Ravidasia
Hindu,Rawat
Hindu,Reddy
Hindu,Reddy-Ayodhi
Hindu,Reddy-Bhoomanchi Reddy
Hindu,Reddy-Chowdary
Hindu,Reddy-Desuru
Hindu,Reddy-Gandla
Hindu,Reddy-Ganjam
Hindu,Reddy-Gone Kapu
Hindu,Reddy-Gudati
Hindu,Reddy-Kapu
Hindu,Reddy-Motati
Hindu,Reddy-Palle
Hindu,Reddy-Palnati
Hindu,Reddy-Panta
Hindu,Reddy-Pedakanti
Hindu,Reddy-Poknati
Hindu,Reddy-Reddiar
Hindu,Reddy-Sajjana
Hindu,Reddy-Vanni
Hindu,Reddy-Velanati
Hindu,Relli
Hindu,Rohit Chamar
Hindu,Ror
Hindu,Sadgope
Hindu,Saha
Hindu,Sahu
Hindu,Saini
Hindu,Saliya
Hindu,Samagar
Hindu,Sambava
Hindu,Santhali
Hindu,Sargara
Hindu,Sathwara
Hindu,Satnami
Hindu,Savji
Hindu,Sawantwadi
Hindu,Scheduled Caste
Hindu,Scheduled Tribe
Hindu,Senai Thalaivar
Hindu,Senguntha Mudaliyar
Hindu,Settibalija
Hindu,Shah
Hindu,Shilpkar
Hindu,Shimpi
Hindu,Silawat
Hindu,Sillekyatha
Hindu,Sindhi
Hindu,Sindhi-Sindhi Amil
Hindu,Sindhi-Sindhi Baibhand
Hindu,Sindhi-Sindhi Bhanusali
Hindu,Sindhi-Sindhi Bhatia
Hindu,Sindhi-Sindhi Chhapru
Hindu,Sindhi-Sindhi Daru
Hindu,Sindhi-Sindhi Hydrabadi
Hindu,Sindhi-Sindhi Larai
Hindu,Sindhi-Sindhi Larkan
Hindu,Sindhi-Sindhi Larkana
Hindu,Sindhi-Sindhi Lohana
Hindu,Sindhi-Sindhi Rohiri
Hindu,Sindhi-Sindhi Sahiti
Hindu,Sindhi-Sindhi Sakkhar
Hindu,Sindhi-Sindhi Sehwani
Hindu,Sindhi-Sindhi Shikarpuri
Hindu,Sindhi-Sindhi Thatai
Hindu,Siyal
Hindu,SKP
Hindu,Somvanshi
Hindu,Somvanshi Kayastha Prabhu
Hindu,Sonar / Sunar
Hindu,Sonkar
Hindu,Sourashtra
Hindu,Sozhiya Vellalar
Hindu,Srisayani
Hindu,SSK
Hindu,Subarna Banik
Hindu,Sudi Suri Sundhi Shaundik
Hindu,Sugali (Naika)
Hindu,Sutar
Hindu,Swakula sali
Hindu,Swarnkar
Hindu,Tamboli
Hindu,Tammali
Hindu,Tanti
Hindu,Tantuway
Hindu,Telaga
Hindu,Teli
Hindu,Thachar
Hindu,Thakkar
Hindu,Thandan
Hindu,Tharakan
Hindu,Thevar Mukkulathor
Hindu,Thevar Mukkulathor-Agamudayar
Hindu,Thevar Mukkulathor-Ambalakarar
Hindu,Thevar Mukkulathor-Appanad Kondayamkottai Maravar
Hindu,Thevar Mukkulathor-Easanattu Kallar
Hindu,Thevar Mukkulathor-Kallar
Hindu,Thevar Mukkulathor-Maniyakarar
Hindu,Thevar Mukkulathor-Maravar
Hindu,Thevar Mukkulathor-Piramalai Kallar
Hindu,Thevar Mukkulathor-Rajakula Agamudayar
Hindu,Thevar Mukkulathor-Sembanad Maravar
Hindu,Thevar Mukkulathor-Servai
Hindu,Thevar Mukkulathor-Thanjavur Kallar
Hindu,Thevar Mukkulathor-Vallambar
Hindu,Thigala
Hindu,Thiyya
Hindu,Thiyya-Ezhava
Hindu,Thiyya-Kavuthiya
Hindu,Thiyya-Thiyya Thandan
Hindu,Tili
Hindu,Togata
Hindu,Tonk Kshatriya
Hindu,Tribe
Hindu,Turi
Hindu,Turupu Kapu
Hindu,Uppara
Hindu,Vadar
Hindu,Vaddera
Hindu,Vaduka
Hindu,Vaidiki Velanadu
Hindu,Vaish
Hindu,Vaish-Vaish Dhaneshawat
Hindu,Vaishnav
Hindu,Vaishnav-Bairagi Swami
Hindu,Vaishnav-Vaishnav Bhatia
Hindu,Vaishnav-Vaishnav Dishaval
Hindu,Vaishnav-Vaishnav Kapol
Hindu,Vaishnav-Vaishnav Khadyata
Hindu,Vaishnav-Vaishnav Lad
Hindu,Vaishnav-Vaishnav Modh
Hindu,Vaishnav-Vaishnav Porvad
Hindu,Vaishnav-Vaishnav Shrimali
Hindu,Vaishnav-Vaishnav Sorathaiya
Hindu,Vaishnav-Vaishnav Vania
Hindu,Vaishnav Vanik
Hindu,Vaishnava
Hindu,Vaishnava-Brahmin Sri Vaishnava
Hindu,Vaishnava-Chhatada Sri Vaishnava
Hindu,Vaishnava-Sri Vaishnava
Hindu,Vaishya
Hindu,Vaishya-Mahuri
Hindu,Vaishya-Mathur Vaishya
Hindu,Vaishya Vani
Hindu,Vallala
Hindu,Valluvar
Hindu,Valmiki
Hindu,Valuvan
Hindu,Vania
Hindu,Vaniya
Hindu,Vaniya-Nair-Vaniya
Hindu,Vaniya-Vaniya Chettiar
Hindu,Vanjara
Hindu,Vanjari
Hindu,Vankar
Hindu,Vannar
Hindu,Vannia Kula Kshatriyar
Hindu,Vannia Kula Kshatriyar-Arasu
Hindu,Vannia Kula Kshatriyar-Gounder
Hindu,Vannia Kula Kshatriyar-Naicker
Hindu,Vannia Kula Kshatriyar-Padayachi
Hindu,Vannia Kula Kshatriyar-Palli
Hindu,Vannia Kula Kshatriyar-Pandal
Hindu,Vannia Kula Kshatriyar-Urs
Hindu,Vannia Kula Kshatriyar-Vannia Reddiar
Hindu,Vannia Kula Kshatriyar-Vanniyar
Hindu,Vanniyar
Hindu,Variar
Hindu,Varshney
Hindu,Veershaiva Veera Saivam
Hindu,Velaan
Hindu,Velama
Hindu,Velama-Adivelama
Hindu,Velama-Koppula
Hindu,Velama-Padmanayaka
Hindu,Velama-Polinati
Hindu,Velama-Yellapa
Hindu,Velan
Hindu,Vellalar
Hindu,Vellalar-Aaru Nattu Vellala
Hindu,Vellalar-Agamudayar/Arcot/Thuluva Vellala
Hindu,Vellalar-Cherakula Vellalar
Hindu,Vellalar-Desikar
Hindu,Vellalar-Devendra Kula Vellalar
Hindu,Vellalar-Illaththu Pillai
Hindu,Vellalar-Isai Vellalar
Hindu,Vellalar-Karkathar
Hindu,Vellalar-Kodikal Pillai
Hindu,Vellalar-Kongu Vellala Gounder
Hindu,Vellalar-Nanjil Mudali
Hindu,Vellalar-Nanjil Nattu Vellalar
Hindu,Vellalar-Nanjil Vellalar
Hindu,Vellalar-Nankudi Vellalar
Hindu,Vellalar-Othuvaar
Hindu,Vellalar-Pandiya Vellalar
Hindu,Vellalar-Saiva Pillai Thanjavur
Hindu,Vellalar-Saiva Pillai Tirunelveli
Hindu,Vellalar-Saiva Vellalar
Hindu,Vellalar-Sengunthar/Kaikolar
Hindu,Vellalar-Sozhiya Vellalar
Hindu,Vellalar-Thondai Mandala Vellala
Hindu,Vellalar-Veerakodi
Hindu,Vellalar-Vellalar All
Hindu,Vettuva Gounder
Hindu,Vettuvan
Hindu,Vishwakarma
Hindu,Vishwakarma-Black Smith
Hindu,"Vishwakarma-Carpentry (Vadrangi, Vadla)"
Hindu,Vishwakarma-Goldsmiths
Hindu,Vishwakarma-Sculptor (Shilpi)
Hindu,Vokkaliga
Hindu,Vysya
Hindu,Wani
Hindu,Yadav / Yadava
Hindu,Yadav / Yadava-Aheer / Ahir
Hindu,Yadav / Yadava-Ala Golla
Hindu,Yadav / Yadava-Daddi
Hindu,Yadav / Yadava-Das
Hindu,Yadav / Yadava-Dhador
Hindu,Yadav / Yadava-Erragola
Hindu,Yadav / Yadava-Gadri / Gadariya
Hindu,Yadav / Yadava-Gauda
Hindu,Yadav / Yadava-Gawli
Hindu,Yadav / Yadava-Goal / Gola / Golla
Hindu,Yadav / Yadava-Gop / Gopal / Gopala
Hindu,Yadav / Yadava-Goriya
Hindu,Yadav / Yadava-Gwala
Hindu,Yadav / Yadava-Gwalvanshi
Hindu,Yadav / Yadava-Jadav
Hindu,Yadav / Yadava-Kohar
Hindu,Yadav / Yadava-Konar
Hindu,Yadav / Yadava-Korna
Hindu,Yadav / Yadava-Krishnauth
Hindu,Yadav / Yadava-Kurudas Gollas
Hindu,Yadav / Yadava-Kuruma
Hindu,Yadav / Yadava-Mandal
Hindu,Yadav / Yadava-Manjrauth
Hindu,Yadav / Yadava-Nandvanshi
Hindu,Yadav / Yadava-Pakanati
Hindu,Yadav / Yadava-Puja
Hindu,Yadav / Yadava-Raut
Hindu,Yadav / Yadava-Suryavanshi
Hindu,Yadav / Yadava-Thethwar
Hindu,Yadav / Yadava-Yadav Golla
Hindu,Yadav / Yadava-Yaduvanshi
Hindu,Yellapu
Sikh,Arora
Sikh,Bhatia
Sikh,Gursikh
Sikh,Jat
Sikh,Jat-Achara
Sikh,Jat-Bhakar
Sikh,Jat-Dhatarwal
Sikh,Jat-Janu
Sikh,Jat-Kuntal
Sikh,Jat-Poria
Sikh,Jat-Sheokhand
Sikh,Jat-Tangar
Sikh,Kamboj
Sikh,Kesadhari
Sikh,Khashap Rajpoot
Sikh,Khatri
Sikh,Khatri-Batta
Sikh,Khatri-Bindra
Sikh,Khatri-Dhingara
Sikh,Khatri-Mehra/Malhotra
Sikh,Labana
Sikh,Mazhbi
Sikh,Nai
Sikh,Others
Sikh,Prajapati
Sikh,Rai Sikh
Sikh,Rajput
Sikh,Rajput-Kalyanot
Sikh,Rajput-Karadiya / Nadoda
Sikh,Rajput-Mair Rajput Swarnkar
Sikh,Rajput-Pathania
Sikh,Rajput-Rawat
Sikh,Rajput-Sengar
Sikh,Rajput-Verma
Sikh,Ramdasia
Sikh,Ramgarhia
Sikh,Ravidasia
Sikh,Saini
Sikh,Scheduled Caste
Sikh,Tonk Kshatriya
Muslim,Shia
Muslim,Sunni
Christian,Anglo Indian
Christian,Born Again
Christian,Brethren
Christian,Catholic
Christian,Catholic - Knanaya
Christian,Catholic - Latin
Christian,Catholic - Malankara
Christian,Catholic - Roman
Christian,Catholic - Syrian
Christian,Chaldean
Christian,CMS
Christian,CSI
Christian,Evangelical
Christian,Indian Orthodox
Christian,Jacobite
Christian,Jacobite - Knanaya
Christian,Jacobite - Syrian
Christian,Kharvi
Christian,Knanaya
Christian,Mangalorean
Christian,Manglorean
Christian,Marthomite
Christian,Nadar
Christian,Others
Christian,Pentecost
Christian,Protestant
Christian,Syrian
Christian,Syrian - Malabar
Christian,Syrian - Orthodox
Christian,Syro - Malabar
Jain,Digamber
Jain,Digamber-Agarwal
Jain,Digamber-Bania
Jain,Digamber-Intercaste
Jain,Digamber-Jaiswal
Jain,Digamber-Khandelwal
Jain,Digamber-Kutchi
Jain,Digamber-KVO
Jain,Digamber-Oswal
Jain,Digamber-Others
Jain,Digamber-Porwal
Jain,Digamber-Vaishta
Jain,Jain
Jain,Others
Jain,Shwetamber
Jain,Shwetamber-Agarwal
Jain,Shwetamber-Bania
Jain,Shwetamber-Intercaste
Jain,Shwetamber-Jaiswal
Jain,Shwetamber-Khandelwal
Jain,Shwetamber-Kutchi
Jain,Shwetamber-KVO
Jain,Shwetamber-Oswal
Jain,Shwetamber-Others
Jain,Shwetamber-Porwal
Jain,Shwetamber-Vaishta
Buddhist,
Parsi,
Jewish,
Bahai,
