Caste,Subcastes,source
ADIWASI (Muslim),KHAN,mf
BANJARA (Muslim),"RANGREZ, MEKRANI, KHAN, MAKRANI",mf_shadi_jeevansathi
BELDAR (Muslim),MUSLIM BELDAR,mf_jeevansathi
BHANGI (Muslim),"MALKANA, MEHTAR, HALALKHOR",mf
BHILALA (Muslim),MUKATIB,mf
BRAHMAN (Muslim),SAIFI,mf
CHIKWA (Muslim),"QASSAI, CHIKWA QASSAB, QURAISHI",gov
DEKKANI MUSLIM (Muslim),DEKKANI MUSLIM,gov
DHIMAR (Muslim),"BHISTI, BHATIYAR, DOGARWAR, SHEIKH-ABBASI",mf
FAKIR (Muslim),"FAKIR BHANDARWALA, ALVI, MIYAN, KHAN, SAIN, FAKIR, FAKIR INCLUDING ALVI-FAKIR, MANIHAR, FAQIR, FAKEER, SHEIKH",mf
GAWLI (Muslim),MUSLIM GAWLI,gov
GHUMAIR (Muslim),KHAN,mf
GORI (Muslim),KHAN,mf
GUJJAR (Muslim),"GUJAR, KHAN, GUZAR, GUJJAR(MUSLIM)",mf_jeevansathi
JAT (Muslim),MALIK,mf_shadi_jeevansathi
JULAHA (Muslim),"JULAYA, JULAHA, JULAHE, JULAHA-MOMIN, MOMIN-ANSARI, JULAHA-ANSARI, MOMIN, ALI",mf_jeevansathi
KASAI (Muslim),"QASSAB-QURESHI, ARE KASAI, KASAB, QUASAB, KASSAB QUSSAB, KASAI-QURAISHI, KASABI, QURAISHI, QASSAB",gov
KHAN (Muslim),"PATHAN, KHAN",mf
KHATI (Muslim),"KASAB, QURESHI",mf
KHOTTA MUSLIM (Muslim),KHOTTA MUSLIM,gov
LOHAR (Muslim),"LUHAR SAIFI, SHER, SAIFI",mf_jeevansathi
MAJHI (Muslim),PATNI MUSLIM,mf
MAL MUSLIM (Muslim),MAL MUSLIM,gov
MALIK (Muslim),"VAJIR, SAYYAD, MALIK",mf
MANG (Muslim),MADARI,mf
MANSUR (Muslim),"MANSUR, KHAN",mf
MOMIN (Muslim),"JULAHA, ANSAR, MOMIN",mf
MUCHI (Muslim),CHAMAR MUSLIM,gov
MUGHAL (Muslim),"MUGHAL, BEG",mf
MUSKHAN (Muslim),MUSKHAN,gov
MUSLIM (Muslim),"MUSLIM, MUJAHID, SHAIK, LABBAI, DUDEKULA, BOHRA, MULLA, JAMAN, SHEIKH, RABBAI, PATHAN, SAYED, RAVUTHUR, NADAF, RAWTHER, SUNNI, QURESHI, MAPPILLA",mf
MUSLIM BARUJIBI (Muslim),MUSLIM BARUJIBI,gov
MUSLIM BHANGI (Muslim),"MUSLIM RELIGION BHANGI, LALBEG, KHAKROB, MEHTAR, HALALKHOR",gov
MUSLIM BHATIYARA (Muslim),MUSLIM BHATIYARA,gov
MUSLIM BISWAS (Muslim),MUSLIM BISWAS,gov
MUSLIM CHUTOR MISTRI (Muslim),MUSLIM CHUTOR MISTRI,gov
MUSLIM DAFADAR (Muslim),MUSLIM DAFADAR,gov
MUSLIM DARJI (Muslim),"OSTAGAR, MUSLIM DARJI, SIDDIQUI, IDRISHI",gov
MUSLIM DHOBI (Muslim),"SULEMANI, MIYAN, ALI, KASSAR, SHEIKH, KHAN, SIDDIQUI, IDRISHI, BAKSH",gov
MUSLIM GUJAR (Muslim),HASHMI,gov
MUSLIM HALDAR (Muslim),MUSLIM HALDAR,gov
MUSLIM HALWAI (Muslim),ALI,gov
MUSLIM JAMADAR (Muslim),MUSLIM JAMADAR,gov
MUSLIM KALANDAR (Muslim),MUSLIM KALANDAR,gov
MUSLIM KAYASTHA (Muslim),MUSLIM KAYASTHA,gov
MUSLIM LASKAR (Muslim),MUSLIM LASKAR,gov
MUSLIM LOHAR (Muslim),ALI,gov
MUSLIM MADARI (Muslim),"JADOOGAR, SAAPWALE, GAARUDI",gov
MUSLIM MALI (Muslim),MUSLIM MALI,gov
MUSLIM MANYAR (Muslim),"MUSLIM MANYAR, MANIYAAR, MANERI",gov
MUSLIM MOLLA (Muslim),MUSLIM MOLLA,gov
MUSLIM NAI (Muslim),"SULEMANI, BALWAR, TURKATA",gov
MUSLIM NEHARIYA (Muslim),MUSLIM NEHARIYA,gov
MUSLIM PENCHI (Muslim),MUSLIM PENCHI,gov
MUSLIM PIYADA (Muslim),MUSLIM PIYADA,gov
MUSLIM RAJMISTRI (Muslim),MUSLIM RAJMISTRI,gov
MUSLIM RAJPUT (Muslim),"SULEMANI, QURESHI, GADDI, KHAN, IRAQI, FAKIR, SIDDIQUI, PATHAN, SHEIKH, SAIYED",gov
MUSLIM SALMANI (Muslim),SULEMANI,gov
MUSLIM SANPUI (Muslim),"MUSLIM SANPUI, SAPUI",gov
MUSLIM SARDAR (Muslim),MUSLIM SARDAR,gov
MUSLIM TELI (Muslim),"KHAN, SIDDIQUI, MALIK, ALI",gov
NAIR (Muslim),SUNNI,mf_shadi_jeevansathi
PAHADIA MUSLIM (Muslim),PAHADIA MUSLIM,gov
PATHAN (Muslim),"MIRZA, KHAN, PATHAN",mf
PINJARA (Muslim),"DHUNIA, DUDEKULA MANSURI, MANSURI-PINJARA, SAI, PINJARA PINJARI, BEHNA, MANSOORI, NADAF, PINJARA, PINJARI, FAKIR, GANCHI-PINJARA",mf
QURESHI (Muslim),QURESHI,gov
RAJPUT (Muslim),QURESHI,mf_shadi_jeevansathi
RANGHAR (Muslim),"KHAN, RANGHAR",mf
SAINI (Muslim),PATHAN,mf_shadi_jeevansathi
SAIYED (Muslim),"HUSSAIN, RIZVI, KAZI, SAIYED",mf
SASUI (Muslim),QURESHI,mf
SHEIKH (Muslim),"SIDDIQUI, DUDEKULA, BOHRA, FAROOQ, SHEIKH, KHAN, ABBASHI, SAYED, BEG, SHEIKHPATHAN",mf
SHEIKH SARVARI (Muslim),"PEERAHI, SHEIKH SARVARI",gov
SIHAMUSLIM (Muslim),SIHAMUSLIM,mf
SUNNI (Muslim),SUNNI,mf_shadi_jeevansathi
TELI (Muslim),"IDRISHI, TELI MALIK, MALIK, JULAHA, PINDARI",mf_shadi_jeevansathi
VADDI (Muslim),"DUDEKULA, PATHAN, SHAIK, SAYED",mf
ADIWASI (Hindu),"['BHENIL', 'GOND', 'DHIMAR', 'BINJHWAR', 'KANWAR', 'BHILALA', 'SIDAR', 'BHEND', 'HANDSA', 'HEMRAM', 'BHENA', 'NAGARCHI', 'DHANWAR', 'GOARI', 'MARANDI', 'ADIWASI', 'SARTHI']",mf
AHIR (Hindu),"['BARGAH', 'THETHWAR', 'AYAR', 'LALHARIA', 'GAWALI', 'RAO', 'TURI', 'BRAJWASI', 'TELI', 'RAWAT', 'BAGDE', 'SHAH', 'LINGAYAT-GAOLI', 'RAUT', 'GURJAR', 'BERICHA', 'GOP', 'GWARA JADAV', 'GAWARI', 'SONWANI', 'BHARVAD', 'YADAV', 'KUMAWAT', 'AHIR', 'KHANNA', 'ASKE', 'WANJARE', 'NAGARCHI', 'GOPAL', 'SISODIA', 'NARNAVRE', 'GOWRA', 'GOLI', 'RATHORE', 'SAHU', 'BARGAHI', 'JAMRE', 'GWARA', 'JADAV', 'RAI', 'SORATHA', 'GAWLI', 'GWALA', 'RAUT THETHWAR', 'PALIWAL', 'GOWARI']",mf_jeevansathi
ANSARI (Hindu),['ANSARI'],mf
BADHAI (Hindu),"['BADHRIA', 'KHARADI', 'KHATI', 'DHEEMAN', 'MAGHIYA', 'BADAI', 'BADHAI', 'KHARADA', 'VISHWAKARMA', 'HARIJAN', 'TARKHAN', 'JANGRA-BRAHMIN', 'NISHAD', 'PANWARI', 'RAMGARHIA-SIKH', 'PANCHAL', 'SUTHAR', 'RAMGARHIA', 'CHOURSIA', 'BADHIRA', 'MISTRY', 'SHARMA', 'JANGADA', 'VISWAKARMA', 'TARKHAN.', 'BADHEI', 'BINDHANIA', 'CHAURASIA', 'BARHAI', 'JANGID', 'SUTRADHAR']",mf_jeevansathi
BANIYA (Hindu),"['ASRATI', 'SINGLA', 'KANSAL', 'ORIYABANIYA', 'TUREHA', 'BANIYA', 'VARSHNEY', 'ORIYAMUNDA', 'SHAH', 'ARORA', 'CHOUDHARY', 'GUPTA', 'AGARAWAL', 'BARNAWAL', 'SINGHAL', 'YADAV', 'KHANDEL', 'GARG', 'JAISWAL', 'AGARWAL', 'KESARBANI', 'MODI', 'SUNARI', 'KESRI', 'MISTRY', 'GOYAL', 'KESHRWANI', 'SHARMA', 'BANSAL', 'SHAHU', 'SAHU', 'JINDAL', 'PADAIYACHI', 'RANA', 'AYODHABASI', 'JAIN', 'POWAR', 'GOEL', 'BANNIYAR', 'PALIWAL', 'MAHAJAN']",mf
BANJARA (Hindu),"['SUGALI.', 'DHALIA', 'LAMAN BANJARA', 'DHURIYA', 'RANKI', 'MATHURA', 'MUKERI', 'LAMANI', 'DHALIA BANJARA', 'LABHANA', 'LAMBADE LAMBHANI CHARAN BANJARA LABHAN MATHURA LABHANI', 'BAMANIA BANJARA', 'SUKALI', 'RAVANA', 'LAMBARA', 'BALADIA', 'BANJARI', 'BANJARI GOAR BANJARA LAMBADA', 'MAKRANI.', 'GORMATI', 'MATHURA LABHAN', 'MATHURA BANJARA KACHIKIWALE BANJARA LAMAN BANJARA LAMAN', 'GAMETIA', 'LABHANA LABAN', 'NAVI BANJARA', 'NAYKADA', 'LAMNE', 'LAMAN', 'LAMBANI', 'RATHOR', 'LAMANI LABAN DHALI', 'LABANA', 'SUGALI', 'BANJARA', 'KUMAWAT', 'DHADI', 'LAMBADA', 'LAMBADI', 'LABAN', 'BANJARI MATHURA', 'LAMBARA LAMBHANI', 'RANKIA', 'MANSURI', 'JOGI BANJARA', 'LAMBANA', 'CHANDWAR', 'KACHIRIWALA BANJARA', 'VAISHNAV', 'BAMANIA BANJARA LAMAN', 'NAYKADA LAMBANA', 'MATHURA BANJARI', 'NAYAK', 'CHADAWA', 'DHARI SINGARI NAVI BANJARA']",mf_shadi_jeevansathi
BELDAR (Hindu),"['BHATI', 'SUNKAR', 'OD', 'TAWAR', 'BELDAR']",mf_jeevansathi
BHANGI (Hindu),"['BHANGI', 'LALBEGI', 'BALMIK', 'BARWASIA', 'RUKHI', 'RUSHI', 'ZADMALLI', 'ZAMPDA', 'BAKSHI PANCH', 'UPADHAYAY', 'JAMPHODA', 'OLGANA', 'BARWASHIA', 'CHURA', 'VALMIKI', 'BALMIKI', 'DHARKAR', 'KORAR', 'HELA', 'ZAMPADA']",mf
BHILALA (Hindu),"['SETIA', 'NARGESH', 'BAKAULEY', 'SHAITE', 'BAGHEL', 'JHHILA', 'MORI', 'GWALE', 'BHEL', 'WAGE', 'RAWAT', 'DODWAL', 'VARMAN', 'ROMDADE', 'SOLANKI', 'SONAR', 'DAMAR', 'BHURIYA', 'RATHOR', 'WASKALE', 'GANGWAL', 'BALKEY', 'SAITEY', 'MALVIA', 'YADAV', 'BHILALA', 'AKOLIYA', 'AWASE', 'KHANNA', 'BHAGE', 'CHAUHAN', 'ASKE', 'JILVE', 'DHILE', 'KHARTE', 'MUDALJE', 'NIHAL', 'KHATIYA', 'NINGWAL', 'JAMRE', 'KOLH', 'TADWLA', 'MANKOLI', 'DWAR', 'GORE', 'BADDLE', 'NARGAVE', 'KUSHWAHA', 'BHILA LA', 'BHEW', 'MANDOLI', 'DORWAR', 'DARBAR', 'KANASHE', 'CHONGAR', 'MOZALDA']",mf
BRAHMAN (Hindu),"['SAMANTA', 'TRIVEDI', 'PRAJAPATI', 'HAVASALA', 'BRHAMIN', 'PUROHIT', 'PACHORI', 'CHATURVEDI', 'SOLANKI', 'DEVILA', 'OTHERS', 'SHUKLA', 'BHARADWAJ', 'DEWEDI', 'VAIDHIKA', 'DADHICH', 'PAREEK', 'VISHVA S', 'MAHA-BRAHMAN', 'DUBEY', 'HAVJAK', 'AUDICH', 'IYYAR', 'VAIDIK', 'DANUA', 'RAJGOR', 'SIDHANTHI', 'IYANGAR', 'HAUYAK', 'SAMRATH', 'AYYANGAR', 'MOHABRAHMAN', 'VAISHNAV', 'VASSIST', 'NAYAK', 'PALIWAL', 'BRAHAMIN', 'GAUTAM', 'RAJPUROHIT', 'KHATI', 'GOSWAMI', 'UPADHYAY', 'MAHANT', 'BHATT', 'BESNAB', 'SANYAL', 'DIXIT', 'BHARGAV', 'OJHA', 'AYAN', 'RAMPAL', 'BRAHIMAN', 'TRIPATHI', 'GOGNA', 'BAJPAI', 'BALABHADRA', 'CHASA', 'DESHASTHA', 'SASANI', 'ACHARYA', 'BAIRAGI', 'THAKUR', 'PARDESI', 'SONI', 'DEVEDI', 'TYAGI', 'UPADHAYA', 'GIRI', 'ATRI', 'HAVYAKA', 'JOSHI', 'PUJARI', 'IYER', 'BAKSHI PANCH', 'PANDEY', 'GOSAWMI', 'VAISHNA V', 'BANJARA', 'KAUSHIK', 'RAMGARHIA', 'BHATTAMISHRA', 'KAIBARTA', 'SANDILYA', 'KRUSHMAPAKSHI', 'VYAS', 'TAPODHAN', 'BRHAMAN', 'TURKHAN', 'GANDHARU', 'DWIVEDI', 'JHANGRA BRAHMAN', 'ADHIT', 'RAI', 'RARHI', 'DAKHINORIYA', 'AJER', 'SARASWATI', 'GAUR', 'MISHRA', 'BRAHMAN', 'BAISNAB', 'SHRMA', 'BARENDRA', 'SARASWAT', 'MUDGIL', 'UPADHAYAY', 'KOTTA', 'BRAHAMAN', 'PATHAK', 'AGNIHOTRI', 'PORASA', 'KUTCHHI', 'CHAUBEY', 'VASUDEV', 'SWAMI', 'DHIMAN', 'AADISAIVER', 'SHARMA', 'BAJPAYEE', 'JADURBADE', 'BRAHMIN', 'LOHAR', 'TIWARI', 'VAID', 'AWASHTHI', 'BHARATI', 'MAHAJAN']",mf
CHIKWA (Hindu),"['CHIKWA', 'KASAI', 'CHAK', 'CHIKVI', 'KASSAB']",gov
DANGASHIA (Hindu),['DANGASHIA'],gov
DHIMAR (Hindu),"['KAMDAY', 'GAUTAM', 'KHEWAT', 'KEWAT', 'VRITIYA SONDHIYA', 'TUREHA', 'MALLAH', 'KIR BRITIYA', 'TARAIL', 'KAMARE', 'SONDHIYA', 'MACHHANDAR', 'KASHYAP', 'SAKKA', 'DHIMER BHOI', 'NISHAD', 'TURAHA', 'YADAV', 'DHIMAR', 'MORDE', 'NAVDA', 'MEHRA', 'VRITIYA', 'JHIMAR', 'NAWDA', 'DHINWAR', 'DHIMER', 'KAHRA', 'NAVDA TURAHA KEWAT KIR BRITIYA', 'KASYE RAJPUTS', 'MESHRAM', 'RAJPUT', 'KAHAR', 'KASHYAP-RAJPOOT', 'BHOI', 'TURSIB', 'KAHRA DHIWAR MALLAH NAWDA', 'JHINWAR', 'DHIWAR']",mf
FAKIR (Hindu),"['SHAM', 'SHAH', 'FAQUIR']",mf
GAWLI (Hindu),['GAWLI'],gov
GHUMAIR (Hindu),['GHUMAIR'],mf
GOLA (Hindu),"['GOLLA', 'GOUDIA GOLA', 'LAXMINARAYAN GOLA', 'MATHURAPURIA GOUDA', 'MEKALA GOLLA', 'PUNNU GOLLA', 'GOLA RANA', 'GOUDA', 'GOP', 'YADAV', 'SHOLAKHANDIA', 'AHIR', 'GOPALA', 'GOPAL', 'GOUR', 'GOUDO', 'MAGHADA GOUDA', 'GOLA', 'SADGOP', 'GOPE', 'NANDA GOUDA & KANJA GOUDA', 'DUMAL GOUDA', 'GOPAPURIA GOUDA', 'SADGOPE']",gov
GORI (Hindu),['GORI'],mf
GUJJAR (Hindu),"['GOHIL', 'PATEL', 'GUJARA', 'MAHESHWARI', 'KASANA', 'GUJJAR', 'GURJAR', 'NAGAR', 'BAKARWAL', 'DHAMA', 'BANSAL', 'PARMAR', 'DRAWAT', 'GOOJAR', 'JADAV']",mf_jeevansathi
JAT (Hindu),"['MAUN', 'LUNJ', 'HER', 'PRAJAPATI', 'PAYAL', 'GREWAL', 'DHANKAR', 'KANG', 'SIWATCH', 'SHEORAN', 'KHAYALI', 'KOKKAR', 'JAT SIKH', 'KALERI', 'SAMRA', 'MEHRA', 'HANS', 'DHAKA', 'JAKHAR', 'BHAMBHO', 'GILL', 'MEEL', 'TEWATIYA', 'THIR', 'SIROHI', 'KSHLIYA', 'BHATTI', 'KHATI', 'SINGLA', 'BIRIKHI', 'MAAN', 'JADGE', 'SOHAL', 'MAHANT', 'KAITH', 'GUBANDA', 'MOD', 'CHAHAL', 'BHANGU', 'CHAUHAN', 'GHUMAN', 'SAHRAWAT', 'KEOL', 'RANDHAWA', 'BHINDER', 'CHAUDHARI', 'RATHORE', 'PAWAR', 'MADAN', 'SARAN', 'JAKAHD', 'DEOL', 'CHEL', 'KHACERI', 'PANNU', 'BADHAI', 'GODRA', 'CHOPRA', 'JATSIKH', 'LOHAN', 'MANN', 'PUNIYA', 'SIHAG', 'SAMARAN', 'KUNDU', 'NAIN', 'SHEDKAND', 'THALODI', 'BENIWAL', 'BHAL', 'JUDGE', 'CHATRAWAL', 'MORWAL', 'RAI', 'PANGHAL', 'FAGADANA', 'TATLA', 'LALLI', 'BHULLAR', 'NIJJAR', 'JAT', 'JHIWAR', 'SANDHU', 'MITHA', 'CHOUDHARY', 'MANDAL', 'MAUR', 'SIDHU', 'CHIMMA', 'SHARMA', 'CHICHAR', 'PAKGI', 'BARAI', 'BASSI']",mf_shadi_jeevansathi
JHANGRA BRAHMAN (Hindu),"['JANGID BRAHMAN', 'TARKHAN', 'JHANGRA-BRAHMAN', 'BADDI', 'KHATI', 'SUTHAR', 'RAMGARHIA', 'JHANGARA-BRAHMAN', 'JANGRA BRAHMAN', 'BARHAI', 'JHANGRA BRAHMAN', 'JANGRA-BRAHMAN', 'DHIMAN']",gov
JULAHA (Hindu),"['KEER', 'KABIRPATH', 'TARIYA', 'ANSARI', 'KABIRAM', 'TARI', 'KABIRPANTHI', 'GARANA', 'JULLAHA', 'KOLI']",mf_jeevansathi
KANJARA – BHATTA (Hindu),"['KANJIRBHAT', 'KANJARA – BHATTA', 'KHANJARBHAT', 'KANJARA-BHATTA', 'KANJIRBHAAT']",gov
KANSARI (Hindu),['KANSARI'],jeevansathi
KASAI (Hindu),"['KASAI', 'ARI KATIKELU', 'KATUKA KATUGA', 'MARATTI', 'SURYAVAMSHA KSHATRIYA', 'KASSAB', 'KALAL KHATIK', 'KISBI', 'KHATIK', 'KATIK', 'ARAY']",gov
KHANDAYAT (Hindu),"['CHASA', 'ORIYAMUNDA', 'MUNDA', 'ODUKHANDAYAT', 'MAGHIYA', 'SRESTAKHANDAYAT', 'MAHANAIK', 'KANDARA', 'KHANDAYAT']",mf_jeevansathi
KHANDELWAL (Hindu),['KHANDELWAL'],mf_shadi
KHANDNALS (Hindu),['KHANDNALS'],gov
KHANDU (Hindu),"['GUPTA', 'KHANDU']",mf
KHANGAR (Hindu),"['MIRDHA', 'KHANGAR', 'KANERA']",gov
KHANGHERA (Hindu),['KHANGHERA'],gov
KHANT (Hindu),['KHANT'],gov
KHATI (Hindu),"['CHIKWA', 'KASAI', 'KHATHIYA', 'KHATI', 'JAGARA', 'CHIKVI', 'UTTAM', 'KHATKI', 'GAUR', 'BAMANIYA', 'CHIK', 'SONAR', 'JANGARH', 'NATH', 'SONKAR', 'YADAV', 'DHAMAN', 'CHAUHAN', 'KHATIK', 'DHIMAN', 'JANGADA', 'KHATIYA', 'KASAI-QURESHI', 'KHATWA', 'KHATWE', 'SEMAR', 'KHATGUNE', 'HALARI', 'CHAMADIA', 'BARAI']",mf
KHETRIYA (Hindu),"['MAHANAIK', 'ORHKHANDAYAT', 'KHETRIYA']",mf
KOLI (Hindu),"['KHARWA', 'DONGAR KOLI', 'KOLI PATEL', 'MAHAVAR', 'KHARWI', 'BARI', 'MAHADEVKOLI', 'KOLI MAHADEV', 'BHEBARIA-KOLI', 'CHRISTIAN KOLI', 'PANBHARE SON KOLI', 'BARIA-KOLI', 'KOLCHA', 'GHEDIA KOLI', 'CHUVALIA KOLI', 'CHUMBLE', 'MALHARKOLI', 'KORI', 'KHARVA', 'KOLI SURYAVAMSHI VAITI', 'KOLI KADIA.', 'KOLI', 'RATHWA-KOLI', 'KOLGHA', 'KHARVI', 'DIVECHA KOLI', 'KOLI DHOR', 'KHARWA-KOLI', 'AHIR KOLI', 'MALHAR', 'PAN KOLI', 'GABIT', 'TOKRE KOLI', 'MACHIMAR KOLI', 'KHANDESHI KOLI', 'MANGELA', 'MANGALA', 'KOLI MACHHI', 'IDARIA-KOLI']",mf_jeevansathi
KOLI KHANIA (Hindu),['KOLI KHANIA'],gov
KUPADHAR (Hindu),"['KUSHIARI', 'PARH', 'KUPADHAR']",gov
LOHAR (Hindu),"['WADHAI', 'GOHIL', 'BAWRI', 'KHATI', 'NADRA', 'BHUBHALIA', 'SHAKHALA', 'HUNGA LOHAR', 'LOHPATA', 'KHATAWALI', 'GAROLA', 'VISHWAKARMA', 'BHUHALIA-LOHAR', 'BHUBALIA-LOHAR', 'TARKHAN', 'GADILOHAR', 'LUHAR', 'LOHPETA', 'YADA V', 'CHATRI', 'VERMA', 'BAKSHI PANCH', 'JAGADE', 'PANCHAL', 'SONWANI', 'PALIWAL', 'YADAV', 'LOHRA', 'DODI', 'LOHPITA', 'SURI', 'PRJAPATI', 'RAMGARHIA', 'KUMAWAT', 'NAGAURI LUHAR', 'AMRA', 'GADOLEY', 'MISTRI', 'VISHKARMA', 'SHARMA', 'BANSAL', 'SAHU', 'DHELE', 'KALRI', 'VISWAKARMA', 'LOHAR- GADA', 'MULTANI LUHAR', 'DUPAD', 'ORIYAKAMAR', 'PANCHAI', 'VAISHNAV', 'LOHARA', 'LOHAR', 'GADELA', 'TILAK']",mf_jeevansathi
MAJHI (Hindu),"['KUSMETE', 'MAJHI', 'BHATWAR']",mf
MANG (Hindu),"['RADHE MANG', 'MANG GARODI', 'GARUDI', 'MANG', 'MANG MAHASI', 'MANG GARUDI', 'NAGARCHI', 'MANGIA', 'MATANG', 'MANG MAHASHI', 'DANKHANI MANG', 'MANG-GARUDI', 'DANKHNI MANG', 'MINIMADIG']",mf
MANSUR (Hindu),['MANSURI'],mf
MOMIN (Hindu),"['ANSARI', 'MOMINANSARI']",mf
MUCHI (Hindu),"['RISHI', 'RAVIDAS', 'MUCHI']",gov
MUGHAL (Hindu),"['JOSHI', 'RATHORE', 'MEENA']",mf
MUSLIM (Hindu),"['JALARI', 'GOLLA', 'NADAG', 'SWETAMBAR', 'LEPPAI', 'JAMARI', 'PANCHAMSALI', 'BYARE', 'KUDARI', 'JAMAMITK', 'JALLENI', 'SHAIKH', 'CHEEMALA', 'MEDAR', 'JHAMALA', 'NAPAE', 'NAIKA', 'NADAK', 'NADAR', 'SWNNR', 'SYED', 'WADE', 'GUNJE', 'SAMRATH', 'MATESHP']",mf
MUSLIM BARUJIBI (Hindu),['BARUI'],gov
MUSLIM BHANGI (Hindu),['THE MEMBERS OF WHICH ARE ACTUALLY IN THE SAFAI KARAMCHARI PROFESSION'],gov
MUSLIM DARJI (Hindu),['MUSLIMDARJI'],gov
MUSLIM DHOBI (Hindu),"['MUSLIMDHOBI', 'ANSARI', 'DHUNIYA', 'DUBEY', 'SHARMA', 'THAKUR', 'MANSURI', 'DHAMA']",gov
MUSLIM GUJAR (Hindu),['MUSLIMGUJAR'],gov
MUSLIM HALWAI (Hindu),['MUSLIMHALWAI'],gov
MUSLIM LOHAR (Hindu),['MUSLIMLOHAR'],gov
MUSLIM MADARI (Hindu),['MUSLIM MADARI'],gov
MUSLIM NAI (Hindu),['MUSLIMNAI'],gov
MUSLIM RAJPUT (Hindu),"['GOND', 'ANSARI', 'MUSLIMRAJPUT']",gov
MUSLIM SALMANI (Hindu),['MUSLIMSALMANI'],gov
MUSLIM TELI (Hindu),"['MUSLIMTELI', 'DERWAL', 'PRAJAPATI']",gov
NAIR (Hindu),"['PILLAI', 'THIYA', 'CHETTIAR', 'KURUP', 'VELUTHODATHU NAIR', 'VILAKIKRISHNAN', 'PICARI', 'BRAHMAN', 'BHATTATHI', 'PATTAR', 'NAMBIYAR', 'CHETTI', 'PANICKAR', 'VLLAKIAM', 'DEVARA', 'R.C.NADAR', 'NAMBUTHIRI', 'KARTHA', 'NADAR', 'VILAKIT', 'VELUTHEDATHU NAIR', 'VALAKATHALA', 'SYRIAN', 'GUPTHAN', 'POTHUWAL', 'VADIAR', 'MARAR', 'NAIR', 'VILAKITHALA', 'MENON', 'PENTACOSTAL', 'ROMAN CATHOLIC', 'IYYANGA R', 'VARIAR']",mf_shadi_jeevansathi
NEYGI (Hindu),"['THOGATAGERA', 'THOGATARU', 'LINGAYAT KURUSHINASHETTY', 'JHAMKHANA', 'LINGAYAT BILIMAGGA', 'KURNI', 'LINGAYAT NEYGI', 'SALE', 'NEIKAR', 'PADMA SALI', 'THOGATIGA', 'JANDRA', 'PADMA SHALI', 'AYIRI', 'THOGATA', 'JADAR LINGAYAT JADARU SAKULASALE', 'PATTASALE', 'KAIKOLAN', 'THOGATAVEERA KSHATRIYA', 'SENGUNDHAR', 'NEKAR', 'THOGATAVEERA', 'KURUSHINASETTY', 'AVIR', 'SONIGA', 'SAALE', 'NEYGI', 'PATTASALI', 'THOGAJA PUSHPANJALI', 'BILIMAGGA', 'PADMASALE']",gov
PATHAN (Hindu),"['RAIGAR', 'LEELGA R', 'PAWAR', 'BHATI', 'SOLANKI', 'BHAGE', 'RAVANA', 'MEWAD', 'GOYAL', 'PANWAR', 'JATAV', 'MEENA']",mf
PINJARA (Hindu),"['NADDAF', 'SHAH', 'KABRAKHODU', 'DHUNIYA', 'BAKSHI PANCH', 'LADAF', 'NADAFF', 'DHUNKAR', 'FAQUIR']",mf
RAJPUT (Hindu),"['BHARMORIA', 'BHADAURIYA', 'SAKALANI', 'BARWA', 'PRAJAPATI', 'RAO', 'MINYA', 'GAHLOT', 'SOLANKI', 'SARANG', 'TOMAR', 'KASHYAP', 'OTHERS', 'RAKWAR', 'JHALA', 'MANDHOTRA', 'BHALAIYA', 'NADODA', 'SISODIYA', 'NAGWAL', 'RAJPUT', 'BHANDARI', 'BAGHARIYA', 'SINGH', 'BESHEN', 'VAISHNAV', 'KHODI', 'SHEKHAWAT', 'MALI', 'KUMHA', 'RAVANA', 'KARADIYA', 'RAWAT', 'DADWAL', 'SONAR', 'KHARAL', 'RAUT', 'BRIJWASI', 'DARAGA', 'RAJAWAN', 'KHANDERA', 'JAISWAL', 'CHAUHAN', 'LEVA', 'RATHORE', 'BHAMTA', 'PARMAR', 'PAWAR', 'BHATI', 'CHANDAWAT', 'CHANDRA', 'BALKHARYA', 'KHADHAKA', 'LODHI', 'BADGUJAK', 'THAKUR', 'MANSURI', 'BISEN', 'BAGHEL', 'SENGAR', 'RAJAWAT', 'JATAV', 'MEENA', 'JOSHI', 'RANAWAT', 'PANWAR', 'PANWARI', 'PANDEY', 'BANGAR', 'RAHTORE', 'SISODIA', 'SOMWANSH', 'KHARWAL', 'SAHU', 'UJJAINI', 'TAYAL', 'BARWAL', 'RANA', 'TANWAR', 'DEVRA', 'JADAV', 'PALIHAR', 'DIKHIT', 'VAGHELA', 'DHALARIA', 'GAUR', 'PATIYAL', 'JHIWAR', 'BALHARIYA', 'RATHVI', 'BISHT', 'CHOUDHARY', 'VERMA', 'SHAHI', 'BHRIGUVANSHI', 'RAWAL', 'JARAULIYA', 'DEVAL', 'BHOLI', 'MAHAJAN']",mf_shadi_jeevansathi
SAINI (Hindu),"['SAKE', 'MALI', 'SAINI', 'SHAKYA']",mf_shadi_jeevansathi
SASUI (Hindu),['SASUI'],mf
SHEIKH (Hindu),"['ABBASI', 'GOLLA', 'RAIGAR', 'SETTIBALIJA', 'BOYA', 'YALAMA', 'CHOUDHARY', 'SUDKULA', 'ANKE', 'SURYABALIJA', 'DHOBI', 'NEEKU', 'TELAGA', 'MANSURI']",mf
SUDI (Hindu),"['KESARWANI', 'SINDURIYA- BANIA', 'RONIYAR', 'ADRAKHI', 'MAHURI-VAISHYA', 'SHAH', 'AGRAHARI-VAISHYA', 'SINDURIYA-BANIA', 'HALWAI', 'MODI', 'AVADH-BANIA', 'PATWA', 'SAHU', 'THATHERA', 'PANSARI', 'AWADH-BANIA', 'SUDHI', 'KASERA', 'SUDI']",gov
SUNNI (Hindu),['SAMRATH'],mf_shadi_jeevansathi
TARKHAN (Hindu),"['VISHWAKARMA', 'TARKHAN', 'RAMGARHI', 'BADHAI', 'DHIMAN']",mf
TELI (Hindu),"['DOBAILE', 'HIRONDHI', 'ROGANGAR', 'HANSI', 'SAMANI', 'KUBARA', 'TURI', 'EKBAILE', 'TELI', 'BALADIA', 'TELI RATHOD', 'KARENJEKA', 'SHAH', 'GOUDA', 'GANIGA', 'NAYATA', 'TALAKAR', 'PRASAD', 'VERMA', 'TELI NAYATA', 'GUPTA', 'RATHOR', 'TELI RATHORE', 'SONKANTHARI', 'SAHOO', 'YADAV', 'SAHUKAR', 'KALU', 'ABHI', 'TELI-MALIK', 'KOSARE', 'BAWNE', 'MODI', 'TELI SAHU', 'TULATIA', 'SHARMA', 'JAINKALA R', 'SAHU', 'RATHORE', 'SHAHU', 'GIRIPUNJE', 'BOGADA', 'KUBERA', 'KARNJKAR', 'TELI-LINGAYAT', 'TELLI', 'KUSHWAHA', 'CHANDRA', 'KANKAR', 'HALDIA', 'BAHALDIA', 'BAILE']",mf_shadi_jeevansathi
THATARI (Hindu),"['THATARI', 'KANSARI']",mf
VADDI (Hindu),"['SAMPANGI', 'PALLA', 'VADDI', 'VALMIKI', 'NAIKA', 'KUDARI', 'GUNJE', 'CHEEMALA', 'MANJARI']",mf
