caste,subcaste,source
Andamanese,"['Chariar', 'Chari', 'Kora', 'Tabo', 'Bo', 'Yere', 'Kede', 'Bea', 'Balawa', 'Bojigiyab', 'Juwai', 'Kol']",gov
Jarawas,[],gov
Nicobarese,[],gov
Onges,[],gov
Sentinelese,[],gov
Shom Pens,[],gov
Andh,[],gov
Bagata,[],gov
Chenchu,['Chenchwar'],gov
Gadabas,[],gov
Goudu,[],gov
Jatapus,[],gov
Kammara,"['Kamara', 'Kamar', 'Kammaro', 'Muli', 'Lohuru', 'Loharo', 'Astolohi Kamar']",gov
Kattunayakan,[],gov
Konda Dhoras,[],gov
Konda Kapus,[],gov
Konda Reddis,[],gov
Kondhs,"['Kodi', 'Kodhu', 'Desaya Kondhs', 'Dongria Kondhs', 'Kuttiya Kondhs', 'Tikiria Kondhs', 'Yenity Kondhs']",gov
Kotia,"['Bentho Oriya', 'Bartika', 'Dhulia', 'Dulia', 'Holva', 'Paiko', 'Putiya', 'Sanrona', 'Sidhopaiko']",gov
Koya,"['Goud', 'Rajah', 'Rasha Koya', 'Lingadhari Koya (ordinary)', 'Kottu Koya', 'Bhine Koya', 'Rajkoya']",gov
Kulia,[],gov
Manna Dhora,[],gov
Mukha Dhora,['Nooka Dhora'],gov
Porja,['Parangiperja'],gov
Reddi Dhoras,[],gov
Rona,['Rena'],gov
Savaras,"['Kapu Savaras', 'Maliya Savaras', 'Khutto Savaras']",gov
Thoti,[],gov
Yenadis,[],gov
Yerukulas,[],gov
Abor,[],gov
Aka,[],gov
Apatani,[],gov
Dafla,[],gov
Galong,[],gov
Khampti,[],gov
Khowa,[],gov
Mishmi,[],gov
Momba,[],gov
Sherdukpen,[],gov
Singpho,[],gov
Barmans,[],gov
Deori,[],gov
Hojai,[],gov
Lalung,[],gov
Mech,[],gov
Miri,[],gov
Bodo,[],gov
Chakma,[],gov
Dimasa,['Kachari'],gov
Garo,"['Garura', 'Gurda', 'Garoda']",gov
Hajong,[],gov
Hmar,[],gov
Khasi,"['Jaintia', 'Synteng', 'Pnar', 'War', 'Bhoi', 'Lyngngam']",gov
Lakher,[],gov
Man,[],gov
Pawi,[],gov
Syntheng,[],gov
Asur,[],gov
Baiga,[],gov
Bathudi,[],gov
Bedia,['Bejia'],gov
Bhumij,['Bumij'],gov
Binjhia,['Binjhoa'],gov
Birhor,[],gov
Birjia,[],gov
Chero,[],gov
Chick Baraik,[],gov
Gorait,['Korait'],gov
Ho,[],gov
Karmali,[],gov
Kharia,['Kharian'],gov
Kisan,[],gov
Kora,[],gov
Munda,"['Munda Lohara', 'Munda Mahalis']",gov
Parhaiya,[],gov
Sauria Paharia,[],gov
Savar,[],gov
Agariya,[],gov
Bhaina,[],gov
Bhattra,[],gov
Bhil Mina,[],gov
Bhunjia,[],gov
Biar,['Biyar'],gov
Binjhwar,[],gov
Birhul,['Birhor'],gov
Damor,['Damaria'],gov
Dhanwar,[],gov
Gadaba,['Gadba'],gov
Kamar,"['Lohar', 'Karmkar', 'Visvakarma']",gov
Karku,[],gov
Kawar,"['Kanwar', 'Kaur', 'Cherwa', 'Rathia', 'Tanwar', 'Chattri']",gov
Khairwar,['Kondar'],gov
Kol,[],gov
Majhi,[],gov
Majhwar,[],gov
Mawasi,[],gov
Nagesia,['Nagasia'],gov
Pao,[],gov
Parja,[],gov
Sahariya,"['Saharia', 'Seharia', 'Sehria', 'Sosia', 'Sor']",gov
Saonta,['Saunta'],gov
Saur,[],gov
Sonr,[],gov
Dhodia,[],gov
Kathodi,"['Katkari', 'Dhor Kathodi', 'Dhor Katkari', 'Son Kathodi', 'Son Katkari']",gov
Kokna,"['Kokni', 'Kukna']",gov
Varli,[],gov
Gawda,[],gov
Velip,[],gov
Bavacha,['Bamcha'],gov
Bharwad,[],gov
Chaudhri,[],gov
Dhanka,"['Tadvi', 'Tetaria', 'Valvi']",gov
Gamit,"['Gamta', 'Gavit', 'Mavchi', 'Padvi']",gov
Padhar,[],gov
Patelia,[],gov
Pomla,[],gov
Rathawa,[],gov
Vaghri,[],gov
Vitola,"['Kotwalia', 'Barodia']",gov
Bhot,['Bodh'],gov
Gaddi,['Ghosi'],gov
Jad,"['Lamba', 'Khampa']",gov
Kanaura,['Kinnara'],gov
Lahaula,[],gov
Pangwala,[],gov
Swangla,[],gov
Bakarwal,[],gov
Balti,[],gov
Beda,['Budga'],gov
Bot,['Boto'],gov
Brokpa,"['Drokpa', 'Dard', 'Shin']",gov
Changpa,[],gov
Garra,[],gov
Mon,[],gov
Purigpa,[],gov
Sippi,[],gov
Pahadi,[],gov
Khond,"['Kond', 'Kandha', 'Nanguli Kandha', 'Sitha Kandha']",gov
Adiyan,[],gov
Gowdalu,[],gov
Hakkipikki,[],gov
Hasalaru,[],gov
Irular,[],gov
Iruliga,[],gov
Jenu Kuruba,[],gov
Kadu Kuruba,[],gov
Koraga,[],gov
Kudiya,['Melakudi'],gov
Kurumans,[],gov
Maha Malasar,[],gov
Malaikudi,[],gov
Malayekandi,[],gov
Maleru,[],gov
Marati,[],gov
Palliyan,[],gov
Paniyan,[],gov
Sholaga,[],gov
Soligaru,[],gov
Toda,[],gov
Yerava,[],gov
Arandan,[],gov
Eravallan,[],gov
Hill Pulaya,[],gov
Irulan,[],gov
Kadar,[],gov
Kanikaran,['Kanikkar'],gov
Kochu Velan,[],gov
Kondareddis,[],gov
Kurichchan,[],gov
Kurumbas,[],gov
Malai Arayan,[],gov
Malai Pandaram,[],gov
Malai Vedan,[],gov
Malakkuravan,[],gov
Malasar,[],gov
Malayan,['Malayar'],gov
Malayarayar,[],gov
Palleyan,[],gov
Palliyar,[],gov
Ulladan,[],gov
Uraly,[],gov
Keer,[],gov
Panika,['Panka'],gov
Malhar Koli,[],gov
Aimol,[],gov
Anal,[],gov
Angami,[],gov
Chiru,[],gov
Chothe,[],gov
Gangte,[],gov
Kabui,[],gov
Kacha Naga,[],gov
Koirao,[],gov
Koireng,[],gov
Kom,[],gov
Lamgang,[],gov
Mao,[],gov
Maram,[],gov
Maring,[],gov
Monsang,[],gov
Moyon,[],gov
Paite,[],gov
Purum,[],gov
Ralte,[],gov
Sema,[],gov
Simte,[],gov
Suhte,[],gov
Tangkhul,[],gov
Thadou,[],gov
Vaiphui,[],gov
Zou,[],gov
Boro Kacharis,[],gov
Koch,[],gov
Mikir,[],gov
Raba,['Rava'],gov
Synteng,[],gov
Tripuri,[],gov
Riang,[],gov
Kuki,[],gov
Naga,[],gov
Bhottada,['Dhotada'],gov
Bhuiya,['Bhuyan'],gov
Bhumia,[],gov
Binjhal,[],gov
Bondo Poraja,[],gov
Dal,[],gov
Desua Bhumij,[],gov
Dharua,[],gov
Didayi,[],gov
Gandia,[],gov
Ghara,[],gov
Holva,[],gov
Jatapu,[],gov
Juang,[],gov
Kandha Gauda,[],gov
Kolha,[],gov
Kondadora,[],gov
Korua,[],gov
Kulis,[],gov
Lodha,[],gov
Madia,[],gov
Mahali,[],gov
Mankidi,[],gov
Mankirdia,[],gov
Matya,[],gov
Mirdhas,[],gov
Mundari,[],gov
Omanatya,[],gov
Parenga,[],gov
Paroja,[],gov
Pentia,[],gov
Rajuar,[],gov
Saora,"['Savar', 'Saura', 'Sahara']",gov
Shabar,['Lodha'],gov
Sounti,[],gov
Tharua,[],gov
Garasia,[],gov
Seharia,"['Sehria', 'Sahariya']",gov
Bhutia,"['Chumbipa', 'Dopthapa', 'Dukpa', 'Kagatey', 'Sherpa', 'Tibetan', 'Tromopa', 'Yolmo']",gov
Anamuk,[],gov
Aray Mala,[],gov
Arundhatiya,[],gov
Arwa Mala,[],gov
Bariki,[],gov
Bavuri,[],gov
Bindla,[],gov
Byagara,[],gov
Chachati,[],gov
Chandala,[],gov
Dakkal,['Dokkalwar'],gov
Dandasi,[],gov
Ellamalawar,['Yellammalawandlu'],gov
Godagali,['Godagula'],gov
Godari,[],gov
Gosangi,[],gov
Holeya,[],gov
Holeya Dasari,[],gov
Jaggali,[],gov
Jambuvulu,[],gov
Kolupulavandlu,"['Pambada', 'Pambanda', 'Pambala']",gov
Madasi Kuruva,['Madari Kuruva'],gov
Madiga Dasu,['Mashteen'],gov
Mala Dasari,[],gov
Mala Dasu,[],gov
Mala Hannai,[],gov
Mala Masti,[],gov
Mala Sale,['Netkani'],gov
Mala Sanyasi,[],gov
Malajangam,[],gov
Mang Garodi,['Mang Garudi'],gov
Manne,[],gov
Mashti,[],gov
Matangi,[],gov
Mitha Ayyalvar,[],gov
Mundala,[],gov
Paky,"['Moti', 'Thoti']",gov
Pamidi,[],gov
Panchama,['Pariah'],gov
Samagara,[],gov
Samban,[],gov
Sindhollu,['Chindollu'],gov
Yatala,[],gov
Bansphor,['Bansphod'],gov
Bhuinmali,['Mali'],gov
Brittial Bania,['Bania'],gov
Dhupi,['Dhobi'],gov
Dugla,['Dholi'],gov
Hira,[],gov
Jalkeot,[],gov
Jhalo,"['Malo', 'Jhalo-Malo']",gov
Lalbegi,[],gov
Mahara,[],gov
Muchi,['Rishi'],gov
Patni,[],gov
Sutradhar,[],gov
Bantar,[],gov
Bauri,"['Buna Bauri', 'Dasia Bauri']",gov
Bhogta,[],gov
Chaupal,[],gov
Dabgar,[],gov
Halalkhor,"['Hela', 'Lalbegi']",gov
Kanjar,['Giarah'],gov
Kurariar,[],gov
Musahar,[],gov
Nat,"['Kalbelia', 'Sapera', 'Navdigar', 'Kubutar']",gov
Pan,"['Sawasi', 'Panr']",gov
Balmiki,"['Chura', 'Bhangi']",gov
Bangali,[],gov
Barar,"['Burar', 'Berar']",gov
Batwal,['Barwala'],gov
Barwala,[],gov
Bauria,['Bawaria'],gov
Bazigar,[],gov
Chanal,[],gov
Dagi,[],gov
Darain,[],gov
Dhogri,"['Dhangri', 'Siggi']",gov
Dumna,['Gagra'],gov
Gandhila,['Gandil Gondola'],gov
Kabirpanthi,['Julaha'],gov
Marija,['Marecha'],gov
Megh,['Kabirpanthi'],gov
Od,[],gov
Perna,[],gov
Pherera,[],gov
Sanhai,[],gov
Sanhal,[],gov
Sansi,"['Bhedkut', 'Manesh']",gov
Sansoi,[],gov
Sapela,[],gov
Sarera,[],gov
Sikligar,['Bariya'],gov
Sirkiband,[],gov
Audhelia,[],gov
Bagri,['Bagdi'],gov
Bahna,['Bahana'],gov
Balahi,['Balai'],gov
Banchada,[],gov
Barahar,['Basod'],gov
Bargunda,[],gov
Basor,"['Burud', 'Bansor', 'Bansodi', 'Bansphor', 'Basar']",gov
Bhanumati,[],gov
Chadar,[],gov
Chidar,[],gov
Chikwa,['Chikvi'],gov
Chitar,[],gov
Dahait,"['Dahayat', 'Dahat']",gov
Dhed,['Dher'],gov
Dohor,[],gov
Holiya,[],gov
Katia,['Patharia'],gov
Khangar,"['Kanera', 'Mirdha']",gov
Kuchbandhia,[],gov
Moghia,[],gov
Muskhan,[],gov
Rujjhar,[],gov
Sansia,[],gov
Zamral,[],gov
Mahayavanshi,[],gov
Mahyavanshi,['Vankar'],gov
Agria,[],gov
Bawaria,[],gov
Chohra,[],gov
Chuhra,[],gov
Gharrami,[],gov
Kachhandha,[],gov
Madari,['Bazigar'],gov
Naribut,[],gov
Singiwala,['Kalbelia'],gov
Ager,[],gov
Bakad,['Bant'],gov
Bawa-Dedh,['Dedh-Sadhu'],gov
Bhambi,"['Bhambhi', 'Asadaru', 'Asodi', 'Chamadia', 'Chamar', 'Chamar-Ravidas', 'Chambhar', 'Chamgar', 'Haralayya', 'Harali', 'Khalpa', 'Machigar', 'Mochigar', 'Madar', 'Madig', 'Mochi', 'Nalia', 'Telugu Mochi', 'Kamati Mochi', 'Ranigar', 'Rohidas', 'Rohit', 'Samgar']",gov
Chalvadi,['Channayya'],gov
Chenna Dasar,['Holaya Dasar'],gov
Dangashia,[],gov
Garmatang,[],gov
Garoda,['Garo'],gov
Halleer,[],gov
Halsar,"['Haslar', 'Hulasvar', 'Halasvar']",gov
Holaya,['Holer'],gov
Kotwal,[],gov
Lingader,[],gov
Mang-Garudi,[],gov
Meghval,"['Meghwal', 'Menghvar']",gov
Mukri,['Mukeri'],gov
Nadia,['Hadi'],gov
Senva,"['Shenva', 'Chenva', 'Sedma', 'Rawat']",gov
Shemalia,[],gov
Tirgar,['Tirbanda'],gov
Bandhela,[],gov
Bansi,[],gov
Barad,[],gov
Bhanjra,['Bhanjre'],gov
Chhimbe,['Dhobi'],gov
Darai,['Daryai'],gov
Daule,['Daole'],gov
Dhaki,['Toori'],gov
Dhaogri,['Dhuai'],gov
Doomna,"['Dumna', 'Dumne']",gov
Hali,[],gov
Hesi,[],gov
Kamoh,['Dagoli'],gov
Karoack,[],gov
Phrera,['Pherera'],gov
Rehar,['Rehara'],gov
Sarde,"['Sarera', 'Sarare', 'Siryare', 'Sarehde']",gov
Sipi,[],gov
Thathiar,['Thathera'],gov
Chura,"['Bhangi', 'Balmiki', 'Mehtar']",gov
Dhyar,[],gov
Doom,['Dumne'],gov
Gardi,[],gov
Jolaha,[],gov
Ratal,[],gov
Saryara,[],gov
Watal,[],gov
Adiya,[],gov
Ajila,[],gov
Baira,[],gov
Bakuda,[],gov
Balagai,[],gov
Bandi,[],gov
Bathada,[],gov
Beda Jangam,['Budga Jangam'],gov
Bellara,[],gov
Chakkiliyan,[],gov
Dakkaliga,[],gov
Ellamalwar,['Yellammalawandlu'],gov
Ganti Chores,[],gov
Godda,[],gov
Handi Jogis,[],gov
Hasla,[],gov
Kovida,[],gov
Kalladi,[],gov
Kepmaris,[],gov
Kolupulvandlu,[],gov
Koosa,[],gov
Kotegar,['Metri'],gov
Kudumban,[],gov
Machala,[],gov
Maila,[],gov
Mala Jangam,[],gov
Mang Garudi,['Mang Garodi'],gov
Masthi,[],gov
Mavilan,[],gov
Moger,[],gov
Nalakeyava,[],gov
Nalkadaya,[],gov
Nayadi,[],gov
Pale,[],gov
Pallan,[],gov
Pambada,[],gov
Panniandi,[],gov
Raneyar,[],gov
Sapari,[],gov
Sudugadu Siddha,[],gov
Ayyanavar,[],gov
Bharathar,['Paravan'],gov
Cheruman,[],gov
Domban,[],gov
Kadaiyan,[],gov
Kanakkan,"['Padanna', 'Padannan']",gov
Kootan,['Koodan'],gov
Nerian,[],gov
Palluvan,[],gov
Puthirai Vannan,[],gov
Semman,"['Chemman', 'Chemmar']",gov
Vallon,[],gov
Vetan,[],gov
Mang,"['Mang Garodi', 'Mang Garudi', 'Dankhani Mang', 'Mang Mahasi', 'Madari', 'Garudi', 'Radhe Mang']",gov
Bedar,[],gov
Kaikadi,"['Dhontle', 'Korva', 'Makadwale or Kochi Korva', 'Pamlor', 'Korvi']",gov
Madgi,[],gov
Shenva,"['Chenva', 'Sedma', 'Ravat']",gov
Lois,[],gov
Yaithibi,[],gov
Amant,"['Amat', 'Dandachhatra Majhi']",gov
Badaik,[],gov
Bagheti,['Baghuti'],gov
Bajikar,[],gov
Bauti,[],gov
Bhata,[],gov
Bhoi,[],gov
Chandhai Maru,[],gov
Dosadha,[],gov
Ghantarghada,['Ghantra'],gov
Ghogia,[],gov
Ghusuria,[],gov
Godra,[],gov
Gokha,[],gov
Haddi,"['Hadi', 'Hari']",gov
Irika,[],gov
Kandra,"['Kandara', 'Kadama', 'Kuduma', 'Kodma', 'Kodama']",gov
Karua,[],gov
Kela,"['Sapua Kela', 'Nalua Kela', 'Sabakhia Kela', 'Matia Kela']",gov
Khadala,[],gov
Kodalo,['Khodalo'],gov
Kurunga,[],gov
Laban,[],gov
Laheri,[],gov
Mahuria,[],gov
Mangali,[],gov
Mangan,[],gov
Mehra,['Mahar'],gov
Mewar,[],gov
Mirgan,[],gov
Mundapotta,[],gov
Nagarchi,[],gov
Paidi,[],gov
Painda,[],gov
Panka,[],gov
Pantanti,[],gov
Pap,[],gov
Patial,"['Patikar', 'Patratanti', 'Patua']",gov
Rajna,[],gov
Sabakhia,[],gov
Samasi,[],gov
Sanei,[],gov
Sauntia,['Santia'],gov
Sidhria,[],gov
Sinduria,[],gov
Tamadia,[],gov
Tamudia,[],gov
Tanla,[],gov
Ujia,[],gov
Vettiyan,[],gov
Mahatam,['Rai Sikh'],gov
Aheri,[],gov
Badi,"['Damai', 'Gainay', 'Kami and Sarki']",gov
Bajgar,[],gov
Baori,[],gov
Bargi,"['Vargi', 'Birgi']",gov
Bidakia,[],gov
Bola,[],gov
Chandal,[],gov
Dhankia,[],gov
Dholi,[],gov
Dome,['Dom'],gov
Garancha,['Gancha'],gov
Gavaria,[],gov
Godhi,[],gov
Kalbelia,['Sapera'],gov
Kamad,['Kamadia'],gov
Kapadia Sansi,[],gov
Kooch Band,['Kuchband'],gov
Mehar,[],gov
Salvi,[],gov
Santia,['Satia'],gov
Sarbhangi,[],gov
Local Borns,[],gov
Bhatus,[],gov
Moplas,[],gov
Balasanthu,['Bahurupi'],gov
Bandara,[],gov
Budabukkala,[],gov
Dasari,['Dasaru'],gov
Dommara,[],gov
Gangiredlavaru,[],gov
Katipapala,[],gov
Mondivaru Mondibanda Banda,[],gov
Vamsharaj,['Pitchiguntala'],gov
Pamula,[],gov
Dammali/Dammala,"['Devaravandlu', 'Yellammavandlu', 'Mutyalammavandlu']",gov
Veeramushti,['Veerabhadreeya'],gov
Valmiki Boya,"['Boya', 'Bedar', 'Kirataka', 'Nishadi', 'Yellapi', 'Pedda Boya', 'Talayari and Chunduvallu']",gov
Gudala,[],gov
Kanjara-Bhatta,[],gov
Kinthala Kalinga,"['Buragana Kalinga', 'Buragam Kalinga', 'Pandiri Kalinga', 'Kalinga']",gov
Kepmare or Reddika,[],gov
Mondepatta Mondipatta,[],gov
Nokkar,[],gov
Pariki Muggula,[],gov
Yata,[],gov
Chopemari,[],gov
Joshinandiwala,[],gov
Odde,"['Oddilu', 'Vaddi', 'Vaddelu', 'Vaddera', 'Waddera']",gov
Mandula,[],gov
Kunapuli,[],gov
Aryakshatriya,"['Chittari', 'Giniyar', 'Chitrakara', 'Nakhas']",gov
Karikalabhakthulu,['Kaikolan'],gov
Karnabhakthulu,[],gov
Nagavaddilu,[],gov
Patkar,['Khatri'],gov
Agaru,[],gov
Atagara,[],gov
Chippolu,['Mera'],gov
Godaba,[],gov
Hatkar,[],gov
Jakkala,[],gov
Kachi,"['Kachhi', 'Kachhia']",gov
Krishnabhalija,"['Dasari', 'Bukka']",gov
Mathura,[],gov
Rangarez,['Bhavasara Kshatriya'],gov
Satani,['Chattadasrivaishnava'],gov
Pala-Ekari,[],gov
Pondara,[],gov
Kurakula,[],gov
Sarollu,[],gov
Atirasa,[],gov
Sikligar/Saikilgar,[],gov
Samanthula/Samantha,[],gov
Chutia,['Chutiya'],gov
Choudang,[],gov
Kupadhar,"['Kushiari', 'Parh']",gov
Moran,['Matak'],gov
Mukhi,[],gov
Sudra Das,['Dey'],gov
Saloi,[],gov
Sut,['Soot'],gov
Tantripal,"['Tanti', 'Tantri']",gov
Bhattus,[],gov
Bhokta,[],gov
Bowri,[],gov
Bhuyan,[],gov
Bharaik,[],gov
Bhatta,[],gov
Baijara,[],gov
Bondo,[],gov
Binjia,[],gov
Birhar,[],gov
Beddi,[],gov
Chere,[],gov
Chick Banik,[],gov
Dandari,[],gov
Gonda,[],gov
Ghansi,[],gov
Ghatowar,[],gov
Holra,[],gov
Khonyor,[],gov
Kalahandi,[],gov
Kalihandi,[],gov
Kherwar,[],gov
Khodal,[],gov
Kondpan,[],gov
Kohor,[],gov
Kormakar,[],gov
Kashan,[],gov
Lahar,[],gov
Mohali,[],gov
Malpatharia,[],gov
Manki,[],gov
Majwar,[],gov
Mirdhar,[],gov
Nagasia,[],gov
Nagbansi,[],gov
Patratanti,[],gov
Pradhan,[],gov
Sahora,[],gov
Sarvera,[],gov
Telenga,[],gov
Tassa,[],gov
Tantubai,[],gov
Yogi,"['Jogi', 'Jugi Nath']",gov
Maria,[],gov
Abdal,[],gov
Aghori,['Karkarmunda'],gov
Amaat,[],gov
Kasab,['Kasai'],gov
Kalandar,[],gov
Kaura,[],gov
Kochh,[],gov
Korku,"['Bopchi', 'Mouasi', 'Nihar', 'Nahul', 'Bondhi', 'Bondeya']",gov
Kagzi,[],gov
Kapadia,[],gov
Kosta,['Koshta'],gov
Khatwa,[],gov
Khatwe,[],gov
Khadwar,[],gov
Khetauri,['Khatauri'],gov
Khelta,[],gov
Godi,['Chhava'],gov
Gandarbh,['Gandharb'],gov
Gorh,['Gonrh'],gov
Gulgaliya,[],gov
Ghatwar,[],gov
Chain,['Chayeen'],gov
Chapota,[],gov
Chandrabanshi,[],gov
Tikulhar,[],gov
Devhar,[],gov
Dhamin,[],gov
Naiya,[],gov
Pandi,[],gov
Pinganiya,[],gov
Parya,[],gov
Pahira,[],gov
Bhar,['Rajbhar'],gov
Bhaskar,[],gov
Malar,['Malhar'],gov
Mangar,['Magar'],gov
Markande,[],gov
Maulik,[],gov
Madar,[],gov
Mauriaro,['Mauriara'],gov
Rajdhobi,[],gov
Rajbanshi,"['Risiya', 'Poliya']",gov
Rangwa,[],gov
Rauttiya,[],gov
Shivhari,[],gov
Sauta,['Sota'],gov
Sangatrash,[],gov
Kulahia,[],gov
Shershahbadi,[],gov
Sukiyar,[],gov
Adrakhi,[],gov
Soyar,[],gov
Chhipi,['Chhipe'],gov
Barra,['Berrer'],gov
Barwar,[],gov
Batera/ Battera,[],gov
Beta,['Hensi/ Hansi or Hasi'],gov
Chang,['Chahang'],gov
Chirimar/ Chrimar,[],gov
Daiya,[],gov
Dakaut/ Dahakaut,[],gov
Dhosali,"['Dosali', 'Bhosali']",gov
Faquir,[],gov
Ghasiara,"['Ghosi', 'Ghani/ Ghazi', 'Goasiara or Ghosia']",gov
Ghirath,['Ghidath'],gov
Gwaria,['Gauria or Gwar'],gov
Hajjam/Hazam,"['Nai', 'Nais']",gov
Jhangra-Brahman/ Jhangara-Brahman,['Khati'],gov
Khanghera,[],gov
Kuchband,[],gov
Lakhera,"['Manihar', 'Kanihar']",gov
Mirasi,['Dhadi'],gov
Nar,[],gov
Noongar,[],gov
Pinja,"['Penja', 'Pemja']",gov
Rechband,[],gov
Shorgir,[],gov
Singhikant,"['Singiwala/ Singhiwala', 'Singhikar', 'Singhwal']",gov
Ghedia Koli,[],gov
Gola Rana,[],gov
Kambadia Bhagat,[],gov
Kangasia,[],gov
Khant,[],gov
Kharwa-Bhadela,[],gov
Makrani,['Muslim'],gov
Matwa,"['Matwa-Kureshi', 'Gavli']",gov
Me,['Meta'],gov
Mena,['Bhil'],gov
Mer,"['Mehrat-Kathat', 'Mehrat-Ghodat', 'Cheeta']",gov
Miyana,['Miana'],gov
Jansali,"['Sivania', 'Myangar', 'Jingar', 'Dasania', 'Chamadia', 'Bharatbhara', 'Chandlia', 'Sonari', 'Aaribharatbhara', 'Mochi']",gov
Pinjara Ganchi,[],gov
Rathodia,[],gov
Raval-Ravalia Jati,['Raval Yogi Rawal Jati Jagaria'],gov
Salat,[],gov
Shrawan,['Sarwan'],gov
Shikligar,[],gov
Sipai,"['Patni Jamat', 'Turk Jamat']",gov
Tankar,[],gov
Targala Bhavaiya,['Nayak Bhojak'],gov
Theba,['Muslim'],gov
Vadi,[],gov
Vankar-Sadhu,[],gov
Vansfoda,['Vansfodia or Vanza'],gov
Vanzara / Kangsiwala,['Vanza'],gov
Vaghri- Gamicho,"['Vedu Churalia', 'Jhakudia']",gov
Wagher,[],gov
Wandhara,[],gov
Pakhali,[],gov
Vanza,['Darji'],gov
Mistri,['Suthar'],gov
Kachhia,"['Kachhi-Kushwaha', 'Maurya-Koiri']",gov
Kathi,[],gov
Bhadbhunja,"['Bhurjawa', 'Bhurji', 'Bharadbhunga', 'Bhuranji', 'Bhunj', 'Bhujwa']",gov
Chhipa,[],gov
Jagri,[],gov
Khavas,[],gov
Arab,['Muslim'],gov
Nizama,['Hindu'],gov
Sumra,['Muslim'],gov
Beta Hensi,['Hesi'],gov
Bagria,['Bagaria'],gov
Baragi / Bairagi,[],gov
Battera,[],gov
Bhat Bhatra Darpi Ramiya,[],gov
Dakaut,"['Deshantri', 'Rangasami']",gov
Dhosali Dosali,[],gov
Gorkha,[],gov
Joginath,"['Jogi', 'Nath', 'Jangam-Jogi', 'Yogi']",gov
Pinja Penja,[],gov
Shorgir or Shergir,[],gov
Singlikant,['Singikant Singiwala'],gov
Sunar,"['Zaragar', 'Soni']",gov
Thathera,[],gov
Weaver,['Julaha'],gov
Mina,['Meena'],gov
Bhattu/Chatttu,[],gov
Badi/ Baddon,[],gov
Rahabari,[],gov
Lodh,"['Lodha', 'Lodhi']",gov
Gramini,[],gov
Aheri / Ahori Heri Naik Thori Turi,[],gov
Ard Pop,['Popo Brahman'],gov
Bahti,[],gov
Bata,['Hensi or Hesi'],gov
Batehda,[],gov
Dhimer,"['Dhimar', 'Dhiwar']",gov
Dhosali Dosal,[],gov
Ghai,[],gov
Gawaria Gauria Gwar,[],gov
Dhinwar or Jhinwar,"['Jheewar', 'Jhiwar', 'Jheur', 'Jheer']",gov
Keshap Rajput,[],gov
Kahar,"['Tanwar', 'Singhariya']",gov
Kangehra,[],gov
Kanjar Kanchan,[],gov
Thawin,[],gov
Tarkhan,"['Badhai', 'Ramgarhi', 'Dhiman', 'Vishwakarma']",gov
Pumba,[],gov
Hadi,[],gov
Bahach Hanjie / Shikara Wallas,[],gov
Bangi,['Bhangi'],gov
Barbers,[],gov
Dambali Faqir,[],gov
Fishermen,[],gov
Grati,[],gov
Jheewar,[],gov
Kulfaqir,[],gov
Shaksaz,[],gov
Shoe-repairers,[],gov
Shupri Wattal,[],gov
Village Washermen,[],gov
Sheer-Gojries,[],gov
Late,[],gov
Kunai,[],gov
Pushpanamit,[],gov
Jhora,[],gov
Bailapatar Bailpatar Bilapatar,[],gov
Bedaru,"['Valimiki', 'Barki', 'Parivara', 'Bendar', 'Berad', 'Boya', 'Naikamakkalu', 'Naikwadi', 'Palegar', 'Ramoshi', 'Talwar', 'Valmikimakkalum Vedan', 'Parivara Nayaka', 'Talawara', 'Myasa Nayaka', 'Urs Nayaka', 'Byada', 'Bargi', 'Hirshikari']",gov
Beria,[],gov
Beshtar Bunde-Beshta,[],gov
Bhardi Bhargi,[],gov
Budbudki,"['Budbudkala', 'Devari', 'Joshi', 'Budubuduki', 'Bududki', 'Chhetri', 'Garadi']",gov
Chara Chhar Chhara,[],gov
Chapper Band Chapper Banda,[],gov
Chitrakathijoshi,[],gov
Dang-Dasar,[],gov
Darvesu,[],gov
Dombi-Dasaru,[],gov
Durgamurga Burburcha,[],gov
Modiga Modikara Modikar,[],gov
Gondali Ghondali Gondaliga Gondhali Gondhalli,[],gov
Chigaribetegar Vaghri Wagiri Nirshikari Bagri Baori Phasachari Vagri,[],gov
Helava Holeva,[],gov
Howgar Hawgar Hawadiga,[],gov
Javeri Jawari,[],gov
Sadajoshi,[],gov
Kamati Kaman,[],gov
Kanjirbhat Khanjarbhat Kanjirbhaat,[],gov
Kanjari Kanjar Kanjir,[],gov
Kashikapdi Kashikapadi Tirumali,[],gov
Kalkari,['Kelkari Khelkari'],gov
Katabu Katabar,[],gov
Kolhati Kolhatigi,[],gov
Korwar Korwari Kaikadi Koragar Yerkala Erakala Kunchi Korva Koramasetty Yerukala,[],gov
Masaniayogi,[],gov
Nandiwala,[],gov
Nat Natuva,[],gov
Natha Panthi Daurigosayi,[],gov
Pamlor,[],gov
Pichguntala Pichigunta Pichuguntala,[],gov
Sarordi Saroda,[],gov
Shikkaligar Shikalgar Sikkaligara,[],gov
Takankar,[],gov
Vaidu,[],gov
Vasudev,['Basudeva'],gov
Vir Veer Veeramasti,[],gov
Lingayat Medhar,"['Batter', 'Burned', 'Gowriga', 'Gowri', 'Gowrimaratha']",gov
Halawakki-Wakkal,"['Vakkal', 'Gram Vakkal', 'Gam Gowda', 'Gam Gawada', 'Gam Vokkal', 'Grama Vokkalu', 'Gavada', 'Karevakkal', 'Kunchavakkal', 'Attevakkal', 'Shilwakkal', 'Halakkivakkal']",gov
Agnani,[],gov
Anduran,[],gov
Atari,['Athari'],gov
Bahurupi,[],gov
Bakadra,[],gov
Bathal Battal Batter Battar,[],gov
Bawtar,[],gov
Bhavin,[],gov
Binapatta,[],gov
Bingi,[],gov
Chaliyan Teruvan,['Challiya'],gov
Chamboti,[],gov
Chambukutti,[],gov
Chaptegar Chaptegara,[],gov
Charodi Mestha,[],gov
Chitara,[],gov
Chunchar,[],gov
Ghadi,"['Gadiga', 'Gunagi']",gov
Ghadsi Ghadshi,[],gov
Giddidki Pingle Pingale,[],gov
Goniga,['Sadu Setty'],gov
Gosavi Gosayi Gosain Atit,[],gov
Gangakula,"['Gangemakkalu', 'Gangamatha', 'Gangaputra', 'Gowrimatha', 'Ambig', 'Ambiga', 'Ambi', 'Barika', 'Rajbhoi', 'Gangamathastha', 'Jalagara', 'KonkanKharvi', 'Koli', 'Kolimahadev', 'Maddar', 'Bestha', 'Kabbaliga', 'Kabbili', 'Kabber', 'Kabbera', 'Kharvi', 'Bhoi', 'Bhoyi', 'Boyi', 'Bovi', 'Thoreya', 'Harakanthra', 'Hariakanthra', 'Kahar', 'Meenagar', 'Mogaveera', 'Kharia', 'Sunnagara', 'Siviyar', 'Parivara', 'Galadakonkani', 'Pagi']",gov
Hanabaru Krishna Golla Anubaru Atanabaru Hanbar Hanabar,[],gov
Handevazir,[],gov
Handervut,[],gov
Honniyar,[],gov
Hoovadiga,"['Hugar', 'Hoogar']",gov
Kadu Konkani,[],gov
Kanate,[],gov
Karikudumbi,[],gov
Karuva,[],gov
Kasai,"['Katik', 'Khatik', 'Katuka Katuga', 'Aray', 'Are Kasai', 'Ari Katikelu', 'Kalal Khatik', 'Kasab', 'Maratti', 'Suryavamsha Kshatriya']",gov
Kasbin,[],gov
Kavadi,[],gov
Kichagara,[],gov
Kalayiri Koleri,['Kolari'],gov
Kolla Kollala,[],gov
Kotekshatriya,"['Rama Kshatriya', 'Ramaraja Kshatriya', 'Servgar Serugara', 'Koteyar', 'Kotegara', 'Kotegar', 'Kotekar']",gov
Kudubi,[],gov
Kutuma,[],gov
Ladar,['Lad'],gov
Marta,[],gov
Mudhar,[],gov
Mukkavan,[],gov
Murrari,[],gov
Nadora,['Uppunador'],gov
Nalki,[],gov
Padit,[],gov
Panasa Pansa,[],gov
Panaba,[],gov
Pannekara-Konkani,[],gov
Patramela,[],gov
Pichati,[],gov
Pullavan,[],gov
Reinudas,[],gov
Saniyaar,[],gov
Sanyasi,[],gov
Satarkar,[],gov
Shanan,[],gov
Sudir Sudra,[],gov
Sutsali,[],gov
Tachayiri,[],gov
Tilvi,[],gov
Yekalar,['Yaklar'],gov
Yeralu,[],gov
Gudigara,[],gov
Idiga,"['Belchad', 'Poojari', 'Desha Bhandari', 'Ediga', 'Eliga', 'Iliga', 'Halepaik', 'Halepaikaru', 'Billava', 'Devar', 'Malayali Billava', 'Deevar', 'Devaramakkalu', 'Divaramakkalu', 'Namdhari', 'Kalal', 'Goundla', 'Goondla', 'Thiyan', 'Thiyyan', 'Tiyan', 'Ezhava', 'Thiyya', 'Nadar', 'Gamalla']",gov
Vokaliga,['Vakkaliga'],gov
Pategar Patvekari Pattegar,[],gov
Kotari,['Kottari'],gov
Nairy,['Nairi'],gov
Koyava,[],gov
Lingyat Banagar,[],gov
Baggaru,[],gov
Girini Waddar,"['Tudug Woddar', 'Kallu Vaddar', 'Mannu Voddar', 'Bhandi Vaddar']",gov
Banna,[],gov
Daveri,[],gov
Garudi,"['Garudiga', 'Garadiga']",gov
Andi,['Andipandaram'],gov
Chavalakkaran,[],gov
Ezhavathi,[],gov
Ganika,[],gov
Kaduppattan,[],gov
Kaikolan,"['Kaikolar', 'Sengunthar']",gov
Kelasi,['Kalasi Panicker'],gov
Kalari Kurup or Kalari Panicker,[],gov
Kannadiyan,[],gov
Kanisu,"['Kaniyar Panicker', 'Kani or Kaniyan', 'Kanisan or Kamnan']",gov
Kavudiyaru,[],gov
Koteyar,[],gov
Krishnanvaka,[],gov
Kusavan,"['Kulala', 'Kulala Nair', 'Andhra Nair', 'Anthura Nair']",gov
Naikkan,[],gov
Panniyar,[],gov
Pattariya,[],gov
Chakravar,['Sakravar'],gov
Tholkolan,[],gov
Thottian,[],gov
Vakkaliga,[],gov
Bhat Charan,"['Salwi', 'Sutiya Rav Jasondhi Maru-Sonia']",gov
Chippa,['Chhipa Bhavsar Nilgar'],gov
Dhimer/ Dhimer,[],gov
Powar,"['Bhoyar/ Bhoyaar', 'Panwar']",gov
Bhurtiya,['Bhutiya'],gov
Deshwali,['Mewati'],gov
Kadere,"['Kadore', 'Dhunkar', 'Dhuniya', 'Dhanka']",gov
Koshta,"['Kosta', 'Kosti', 'Koshti', 'Devangan Dewang Salwidewang Mala Padamhali Pademsali Sali Sutsali Salwar', 'Salewar Jendra', 'Jandra Koskati Garhwal', 'Garhewal Garewar Garwar']",gov
Garpagari,"['Joginath', 'Nathjogi']",gov
Thathara,"['Thatera Kasar Kasera Tamera Tambatkar/Tamrakar Tamer', 'Otari', 'Kaser']",gov
Khatiya Khati,[],gov
Kalota/Kolta/Koltta,['Kalotha'],gov
Nayata,['Nayada'],gov
Kotwar,['Kutwar Kotwal'],gov
Raghwi/ Raghavi,[],gov
Saiees,['Sahees Sayees'],gov
Nakkal,[],gov
Rajjad,['Rajjhad'],gov
Alitkar,[],gov
Badia,[],gov
Bajania,[],gov
Bajigar,[],gov
Buttal,[],gov
Bhavaiya Targala,[],gov
Bhisti or Pakhali,[],gov
Basdewa/Vasudeva,[],gov
Bhanta,[],gov
Chamtha,[],gov
Chandalgada/Chandalagade,[],gov
Depala,[],gov
Devli,[],gov
Devdig,['Dewadiga'],gov
Gandharap,[],gov
Gujrath Baori,[],gov
Gadri,[],gov
Gadhavi,[],gov
Ganjam Reddi,[],gov
Vishavan,[],gov
Moopar,['Kallan'],gov
Kongu Vellala,['Gounder'],gov
Mahendra-Medara,[],gov
Devadig,[],gov
Kashikapadi,[],gov
Siddi,['Nayaka'],gov
Thatara,[],gov
Garpagri,['Garpagari'],gov
Gochaki,[],gov
Gurou/Gurav,[],gov
Halepaik,[],gov
Hatkar/Hatker,[],gov
Jagiasi,[],gov
Jajak,[],gov
Jatiya,[],gov
Jatigar,[],gov
Javeri,[],gov
Jogin,[],gov
Jhadi,[],gov
Kongadi,[],gov
Korchar,[],gov
Kachora,[],gov
Kadera,[],gov
Kamati,[],gov
Kasbi,[],gov
Koli Christian Koli,"['Koli Chumble', 'Gabit', 'Kharwa or Kharwi', 'Machimar Koli', 'Mangela/Mangala', 'Panbhare', 'Son Koli', 'Koli Suryavamshi Vaiti', 'Ahir Koli', 'Pan Koli', 'Bari', 'Khandeshi Koli', 'Kharva or Kharvi']",gov
Kuchbandh,[],gov
Kuchhria,[],gov
Labha,[],gov
Ladia ,[],gov
Ladaff,[],gov
Manbhav,[],gov
Marwar Baori,[],gov
Medar,[],gov
Mitha,[],gov
Namdhari,[],gov
Namdhari Paik,[],gov
Nirshikari,[],gov
Navi,['Nhavi/Nai/Nabhik'],gov
Nethura,[],gov
Naqashi/Naqqashi,[],gov
Neelkanti,[],gov
Nekar Jada,[],gov
Padharia,[],gov
Padiar,[],gov
Patradavaru/Patradaveru,[],gov
Phasechari,[],gov
Phudgi,[],gov
Perki/Perkewad,[],gov
Putligar,[],gov
Pareet,[],gov
Phulari,[],gov
Rachevar,[],gov
Raikari,[],gov
Rachbandhia,[],gov
Rangari,[],gov
Raot,"['Rawt', 'Rautia']",gov
Sangar,[],gov
Sanjogi,[],gov
Suppalig,['Sappaliga'],gov
Sutharia,[],gov
Tandel,[],gov
Targala,[],gov
Thetwar,[],gov
Thoria,[],gov
Thogti/Thogati,[],gov
Wadi,[],gov
Wansfoda,[],gov
Wadhai,['Wadai/Bhadai'],gov
Warthi,[],gov
Yerkula,[],gov
Agri Agale,['Kalan'],gov
Kurhinshetty,[],gov
Nilgar,"['Neeli', 'Nirali', 'Nili', 'Nirhali']",gov
Koskanti Devanga,[],gov
Futgudi,[],gov
Billala,[],gov
Davari/Devari,[],gov
Raghavi,[],gov
Ganali or Gandali,[],gov
Fakir Bhandarwala,['Fakir'],gov
Kohli,[],gov
Odevar,[],gov
Muslim Madari,[],gov
Sakka,[],gov
Bawarchi,['Bhatiara'],gov
Attar,[],gov
Lakhari,[],gov
Bhaldar,[],gov
Darwesi,['Vaghwale-Shah'],gov
Udasi,[],gov
Muslim Manyar,['Maniyaar or Maneri'],gov
Kunkuwale,[],gov
Savkalar,[],gov
Hanbar,[],gov
Pendhari,[],gov
Kulekdagi,"['Kullekadgi', 'Kullakadagi', 'Kuladagi']",gov
Munnewar,"['Munnurwar', 'Munnur', 'Telgu Munnur', 'Munnurwar Telgu', 'Telgu Kapewar', 'Munnarwad', 'Telgu Phulmali']",gov
Lad-Shakhiy Wani,[],gov
Mulana,"['Mulani', 'Mulane']",gov
Mujawar,[],gov
Sangtrash,['Dagadphodu'],gov
Dhawad,[],gov
Manyaar,['Hindu'],gov
Vedu,['Waaghari'],gov
Lazad,[],gov
Aranedan,[],gov
Badasuda,[],gov
Baipari,[],gov
Barika,"['Bhandari', 'Napit', 'Nai']",gov
Bentkar,[],gov
Bhatua,[],gov
Bhujan,[],gov
Byagari,[],gov
Chikbaraik,[],gov
Chitra,"['Chitrakar', 'Chitrasilpi']",gov
Churia,[],gov
Dahalia,[],gov
Damal,[],gov
Dangua,[],gov
Dehuri,[],gov
Dhakhada,[],gov
Dhaner,[],gov
Dumala,['Dumal'],gov
Girigiris,[],gov
Habra,[],gov
Irula,[],gov
Jadapus,[],gov
Jaintrapans,[],gov
Kadan,[],gov
Kandarpa,[],gov
Kapudia,[],gov
Karimpalan,[],gov
Khandnals,[],gov
Khatti-Khatti,[],gov
Khatua,[],gov
Khodra,"['Khadura', 'Kharuda']",gov
Koilar,[],gov
Kond,[],gov
Konda Kapu,[],gov
Kondareddy,['Reddy Dhakas'],gov
Kundamatia,[],gov
Kuraiar,[],gov
Lakhra,[],gov
Luhura,[],gov
Machua,[],gov
Maghi,['or Meghia'],gov
Magura,[],gov
Mahunta,[],gov
Maladasu,[],gov
Mal Paharia,[],gov
Maune,[],gov
Minka,[],gov
Monger,[],gov
Mukhadora,['Mokka Dhora'],gov
Muliya,[],gov
Muria,[],gov
Nahar,[],gov
Nolia,[],gov
Nuhura,['Nuhuraj'],gov
Ojulu,['or Metta'],gov
Omeyita,[],gov
Padaria,"['Pamaria', 'Pandara']",gov
Pagadai,[],gov
Paigarapu,[],gov
Palasi,[],gov
Paliyan,[],gov
Paiko,[],gov
Panjira,[],gov
Pathuria,[],gov
Pengua,[],gov
Pita,[],gov
Ronas,[],gov
Routia,[],gov
Sagarpasha,[],gov
Sankhari,[],gov
Sanyasi Membram,[],gov
Sholagar,[],gov
Sinke,[],gov
Suda,[],gov
Sulia,[],gov
Sunri,['Sundi/Sundhi'],gov
Tana,[],gov
Thanu,[],gov
Thatari/Kansari,[],gov
Tiruvalluvar,[],gov
Tivoro,[],gov
Yandi,[],gov
Yerna Golta,[],gov
Yerukula,[],gov
Thoria/Thodia/Thudia/Thuria,[],gov
Ashtralohi/Ashtalohi Karmakar,['Viswa Brahman'],gov
Kalanga,[],gov
Bhanja Puran,[],gov
Arua,[],gov
Hatua,[],gov
Alia,[],gov
Belama,[],gov
Goudia,['Laxminarayana Goudia'],gov
Segidi,['Srisayan'],gov
Majjula,[],gov
Bhopa,[],gov
Ayeeravaisiar,[],gov
Kattunaicker,[],gov
Kalavanthula,[],gov
Kannada Devanga,['Telugu Devanga'],gov
Kuyavar,"['Kulalar', 'Kumbarar', 'Kummari']",gov
Namdev Maratha,['Mahratta'],gov
Nainar,[],gov
Sengunthar/Kaikolar,[],gov
Gamalla,[],gov
Kurumba,[],gov
Medara of Yanam,[],gov
Andipandaram,[],gov
Valayal Naidu,[],gov
Pattu Chettiar,[],gov
Salia Chettiar,[],gov
Vadugan,[],gov
Gwaria Gauria Gwar,[],gov
Weaver Jhullaha,[],gov
Kangohra,[],gov
Kucha Band,[],gov
Thathora,['Tampora'],gov
Vanzara,"['Banzara', 'Banjara or Vanjara']",gov
Singhikant Singhiwala,[],gov
Dhaula,"['Soni', 'Sunar/ Swarnkar']",gov
Badwa,"['Bhat', 'Rao Jachak', 'Jaga']",gov
Bharbhuja,[],gov
Chhippa,"['Chhipi', 'Nama', 'Bhavsar']",gov
Damami,['Nagarchi'],gov
Daroga,"['Daroga-Rajot', 'Ravana-Rajput', 'Hazuri', 'Wazir']",gov
Darzi,"['Bhavasar Kshatriya', 'Chippi', 'Chippiga', 'Simpi', 'Shimpi', 'Lingayat Simpy Sivasimpy', 'Sai', 'Mirai', 'Rangari', 'Rangrez', 'Nilari', 'Namdev', 'Namdev Simpy', 'Rangare', 'Neelagar', 'Lingayat Neelagar', 'Banagara']",gov
Dhakad,[],gov
Dhivar,"['Kahar', 'Bhoi', 'Sagarvanshi-Mali', 'Keer', 'Mallah', 'Mehra', 'Nishad', 'Bhisti']",gov
Giri Gosain,['Gushain'],gov
Janwa,['Sirvi'],gov
Maha-Brahman,['Acharai'],gov
Mogia,['Mogya'],gov
Nyaria,[],gov
Raika,['Rebari'],gov
Chungar,[],gov
Faqir,['Fakeer'],gov
Kalbi,[],gov
Mev,[],gov
Bhujel,[],gov
Gurung,[],gov
Manger,[],gov
Rai,[],gov
Sunuwar,[],gov
Thami,[],gov
Alwar,"['Azhavar', 'Alavar']",gov
Ambalakarar,['Ambalakaran'],gov
Arayar,"['Arayan', 'Nulayar']",gov
Archakari Vellala,[],gov
Aryavathi,[],gov
Attur Kilnad Koravar,[],gov
Attur Melnad Koravar,[],gov
Badagar,[],gov
Bestha Siviar,[],gov
Boyar,[],gov
Changayampudi Koravar,[],gov
Chavalakarar,[],gov
Chettu,['Chetty'],gov
C.K. Koravar,[],gov
Dabi Koravar,[],gov
Devangar,['Sedar'],gov
Dobba Koravar,[],gov
Dobbai Koracha,[],gov
Donga Ur. Koracha,[],gov
Enadi,[],gov
Eravallar,[],gov
Ezhavathy,[],gov
Ganagavar,[],gov
Illathu Pillaimar,"['Illuvar', 'Ezhuvar and Illathar']",gov
Inji Koravar,[],gov
Jambuvanodai,[],gov
Jhetty,[],gov
Kaladi,[],gov
Kala Koravar,[],gov
Kalari Kurup,[],gov
Kalveli Gounder,[],gov
Kambar,[],gov
Kannada Saineegar,['Kannadiyar'],gov
Katesar Pattamkatti,[],gov
Kepmari,[],gov
Kunchidigar,[],gov
Kunnuvar Mannadi,[],gov
Mahratta,[],gov
Maujagar,[],gov
Monda Koravar,[],gov
Mooppan,[],gov
Moundadan Chetty,[],gov
Mukkuvan,"['Mukkuvar', 'Mukayar']",gov
Mutlakampatti,[],gov
Nagaram,[],gov
Narikoravar,[],gov
Odiya,[],gov
Ovachar,[],gov
Pamulu,[],gov
Panar,[],gov
Pannayar,[],gov
Paravar,[],gov
Ponnai Koravar,[],gov
Poraya,[],gov
Pulluvar,[],gov
Sakkaravar or Kavathi,[],gov
Sakkaraithamadai Koravar,[],gov
Salem Melnad Koravar,[],gov
Salem Uppu Koravar,[],gov
Salivagana,['Salivahana'],gov
Saranga Palli Koravar,[],gov
Sathatha Srivaishnava,[],gov
Savalakkarar,[],gov
Srisayar,[],gov
Thalli Koravar,[],gov
Thogamalai Koravar,[],gov
Tholkollar,[],gov
Thondaman,[],gov
Thoriyar,"['Badaga Thoraiyar', 'Thoraiyar']",gov
Thottiya Naicker,[],gov
Uppukoravar,['Settipalli Koravar'],gov
Vaduvarpatti Koravar,[],gov
Valaiyar,[],gov
Varaganeri Koravar,[],gov
Vayalpad or Nawalpeta Koracha,[],gov
Veduvar,['Vettaikkarar'],gov
Vetta Koravar,[],gov
Yavana,[],gov
Yogeeswarar,[],gov
Battu Turkas,[],gov
Devagudi Talayari,[],gov
Podikara Vellalar,[],gov
Pulavar,[],gov
Nangudi Vellalar,[],gov
Kuga Vellalar,[],gov
Kallar Kula Thondaman,[],gov
Bin,[],gov
Chouhan,[],gov
Gara,[],gov
Gareri,[],gov
Jhara,[],gov
Kandh,[],gov
Raily,[],gov
Bangshi,[],gov
Giri,[],gov
Kasgar,[],gov
Kunjra or Rayeen,[],gov
Gaderia,[],gov
Chikwa Qassab,"['Qureshi', 'Kasai/ Qassai', 'Chak']",gov
Jhoja,[],gov
Biyar,[],gov
Bhurji,"['Bharbhuja', 'Bharbhunja', 'Bhooj', 'Kandu']",gov
Manihar,"['Kacher', 'Lakher', 'Lakhera']",gov
Murao or Murai,['Maurya'],gov
Muslim Kayastha,[],gov
Naddaf,"['Dhunia', 'Mansoori']",gov
Marchha,[],gov
Raj,['Memar'],gov
Kuthaliya Bora,[],gov
Dohar,[],gov
Kasera,"['Thathera', 'Tamrakar Kalaikar']",gov
Unai Sahu,[],gov
Gada,[],gov
Ranwalta/Jaunpuri Samuday,[],gov
Goala-Gope,[],gov
Moira,['Modak'],gov
Satchasi,[],gov
Chitrakar,[],gov
Malakar,[],gov
Jolah,[],gov
Shankhakar,[],gov
Fakir,['Sain'],gov
Nembang,[],gov
Sampang,[],gov
Bungchheng,[],gov
Betkar,[],gov
Sukli,[],gov
Dhimal,[],gov
Khen,[],gov
Chamling,[],gov
Hele/Halia/Chasi-Kaibartta,['Das Kaibartta'],gov
Nashya-Sekh,[],gov
Shershabadia,[],gov
Dewan,[],gov
Banshi Barman,[],gov
Pahadia Muslim,[],gov
Chowduli,[],gov
Nikari,[],gov
Mahaldar,[],gov
Dhukre,[],gov
Basni,[],gov
Kan,[],gov
Tutia,[],gov
Gayen,[],gov
Beldar Muslim,[],gov
Khotta Muslim,[],gov
Muslim Sardar,[],gov
Muslim Kalandar,[],gov
Muslim Laskar,[],gov
Muslim Jamadar,[],gov
Muslim Chutor Mistri,[],gov
Muslim Dafadar,[],gov
Mal Muslim,[],gov
Majhi/ Patni Muslim,[],gov
Muslim Nehariya,[],gov
Muslim Haldar,[],gov
Muslim Sanpui/ Sapui,[],gov
Muslim Biswas,[],gov
Muslim Mali,[],gov
Ghosi,[],gov
Muslim Rajmistri,[],gov
Muslim Bhatiyara,[],gov
Muslim Molla,[],gov
Dhali,[],gov
Muslim Piyada,[],gov
Muslim Penchi,[],gov
Gangot,[],gov
Mondivaru,[],gov
Vamsha Raj,['Pitchiguntla'],gov
Pardhi,['Bahelia'],gov
Dammali,['Peddammavandlu'],gov
Kanjara,[],gov
Mondepatta,[],gov
Krishnabalija,[],gov
Kasikapadi,[],gov
Siddula,[],gov
Budubunjala,[],gov
Lakkamarikapu,[],gov
Rajannala,['Rajannalu'],gov
Prabhu,['CKP'],gov
Adi Andhra,[],shaadi & jeevansaathi
Adi Dharmi,[],shaadi & jeevansaathi
Adi Dravida,[],shaadi & jeevansaathi
Adi Karnataka,[],shaadi & jeevansaathi
Agri,[],shaadi & jeevansaathi
Ahir,['Ahir shimpi'],shaadi & jeevansaathi
Ahirwar,[],shaadi & jeevansaathi
Ahom,[],shaadi & jeevansaathi
Ambalavasi,"['Pisharody', 'Poduval']",shaadi & jeevansaathi
Amma Kodava,[],shaadi & jeevansaathi
Arakh Arakvanshiya,[],shaadi & jeevansaathi
Arekatica,[],shaadi & jeevansaathi
Arora,[],shaadi & jeevansaathi
Arunthathiyar,[],shaadi & jeevansaathi
Arya Vysya,[],shaadi & jeevansaathi
Aryasamaj,,shaadi & jeevansaathi
Ayyaraka,[],shaadi & jeevansaathi
Badaga,[],shaadi & jeevansaathi
Badhai,[],shaadi & jeevansaathi
Bagdi,[],shaadi & jeevansaathi
Baghel Gaderiya,[],shaadi & jeevansaathi
Bahi,[],shaadi & jeevansaathi
Baidya,[],shaadi & jeevansaathi
Bairwa,[],shaadi & jeevansaathi
Baishnab,[],shaadi & jeevansaathi
Baishya,['Saha'],shaadi & jeevansaathi
Baishya Kapali,[],shaadi & jeevansaathi
Bajantri,[],shaadi & jeevansaathi
Balai,[],shaadi & jeevansaathi
Balija,"['Naidu', 'Balija Reddy', 'Ediga / Goud (Balija)', 'Gajula / Kavarai', 'Kapu', 'Kavara', 'Linga Balija', 'Modikarlu', 'Munnuru Kapu', 'Musukama', 'Namdarlu', 'Pagadala', 'Perika', 'Setti Balija', 'Surya Balija', 'Telaga', 'Thota', 'Vada Balija', 'Velama', 'Waada Balija']",shaadi & jeevansaathi
Banayat Oriya,[],shaadi & jeevansaathi
Bania,"['Agarwal', 'Agrahari', 'Asathi', 'Ayodhyavasi', 'Baniya Kumuti', 'Barnwals', 'Bisa Agarwal', 'Chaturth', 'Choudharys', 'Dosar / Dusra', 'Gahoi', 'Gandha Vanika', 'Gulahre', 'Jaiswal', 'Kalwar', 'Kandu / Kanu', 'Kanojia Kanu', 'Kanykubj Bania', 'Kasaundhan', 'Keshris / Kesarwani', 'Khandelwal', 'Komti Arya Vaishya', 'Lad', 'Madhesiya / Kawa / Halwai', 'Mahajan', 'Mahawar', 'Maheshwari / Meshri', 'Mahor', 'Mahuri', 'Marwari', 'Modh Ghanchi', 'Modi', 'Nema', 'Oswal', 'Padmavati Porwal', 'Patwa', 'Porwal / Porwar', 'Rastogi', 'Rathi', 'Rauniars', 'Rauniyar', 'Shaw / Sahu / Teli', 'Sinduriya', 'Sudi / Suri / Sundhi / Shaundik', 'Ummar / Umre / Bagaria', 'Vaishnav', 'Vani / Vaishya', 'Varshneys', 'Vijayvargia']",shaadi & jeevansaathi
Banik,['Subarna Banik'],shaadi & jeevansaathi
Banjara,['Lambadi'],shaadi & jeevansaathi
Barai,[],shaadi & jeevansaathi
Bari,[],shaadi & jeevansaathi
Baria,[],shaadi & jeevansaathi
Barujibi,,shaadi & jeevansaathi
Besta,[],shaadi & jeevansaathi
Bhajantri,[],shaadi & jeevansaathi
Bhandari,,shaadi & jeevansaathi
Bhatia,[],shaadi & jeevansaathi
Bhatraju,[],shaadi & jeevansaathi
Bhavsar,[],shaadi & jeevansaathi
Bhil,[],shaadi & jeevansaathi
Bhovi,[],shaadi & jeevansaathi
Bhoyar,[],shaadi & jeevansaathi
Bhulia,[],shaadi & jeevansaathi
Billava,[],shaadi & jeevansaathi
Bishnoi,[],shaadi & jeevansaathi
Bondili,[],shaadi & jeevansaathi
Boya/Nayak/Naik,,shaadi & jeevansaathi
Brahmakshatriya,[],shaadi & jeevansaathi
Brahmbatt,[],shaadi & jeevansaathi
Brahmin,"['6000 Niyogi', 'Anavil', 'Andhra', 'Audichya', 'Audichyasahastra', 'Bajkhedwal', 'Barendra', 'Bardai', 'Bengali', 'Bhargava', 'Bhatt', 'Bhumihar', 'Brahacharanam', 'BrahmBhatt', 'Brahmbhatt', 'Brajastha Maithil', 'Chittpavan Kokanastha', 'Dadhich', 'Dadhich/Dadheech', 'Daivadnya', 'Danua', 'Deshastha', 'Devrukhe', 'Dhiman', 'Dravida', 'Dunua', 'Embrandiri', 'Garhwali', 'Gaud Saraswat (GSB)', 'Gaur', 'Gautam', 'Goswami', 'Gour', 'Gowd Saraswat', 'Gujar Gaur', 'Gujar Gour', 'Gujrati', 'Gurukkal', 'Halua', 'Havyaka', 'Himachali', 'Hoysala', 'Iyengar', 'Iyer', 'Jangid', 'Jangra', 'Jhadua', 'Jhijhotiya', 'Jogi', 'Jyotish', 'Kannada', 'Kanyakubj', 'Kanyakubja', 'Karhade', 'Karnataka', 'Kashmiri Pandit', 'Khadayat', 'Khandelwal', 'Khedaval', 'Kokanastha', 'Koknastha', 'Kota', 'Kulin', 'Kumaoni', 'Madhwa', 'Maharastra', 'Maithil', 'Maithili', 'Malviya', 'Marwari', 'Mevada', 'Modh', 'Mohapatra Mahapatra', 'Mohyal', 'Nagar', 'Namboodiri', 'Narmadiya', 'Nayi / Nai', 'Niyogi', 'Niyogi Nandavariki', 'Other', 'Paliwal', 'Panda', 'Pandit', 'Panicker', 'Pareek', 'Pushkarna', 'Rajapuri Saraswat', 'Rajgor', 'Rajasthani', 'Rarhi', 'Rigvedi', 'Rudraj', 'Sakaldwipi', 'Sanadya', 'Sanchihar', 'Sanketi', 'Saraswat', 'Sarotri', 'Sarua', 'Saryuparin', 'Shivalli', 'Shivhalli', 'Shrimali', 'Sikhwal', 'Smartha', 'Sri Vishnava', 'Sri Vaishnava', 'Stanika', 'Tapodhan', 'Tyagi', 'Utkal', 'Vaidiki', 'Vaikhanasa', 'Vaikhawas', 'Vaishnav', 'Valam', 'Velanadu', 'Viswa', 'Viswabrahmin', 'Vyas', 'Yajurvedi', 'Zalora']",shaadi & jeevansaathi
Brahmo,[],shaadi & jeevansaathi
Bretheren,,shaadi & jeevansaathi
Brethren,[],shaadi & jeevansaathi
Buddar,[],shaadi & jeevansaathi
Bunt (Shetty),[],shaadi & jeevansaathi
CKP,[],shaadi & jeevansaathi
Chalawadi / Chalawadi Holeya,[],shaadi & jeevansaathi
Chamar,[],shaadi & jeevansaathi
Chambhar,[],shaadi & jeevansaathi
Charan,[],shaadi & jeevansaathi
Chasa,[],shaadi & jeevansaathi
Chattada Sri Vaishnava,[],shaadi & jeevansaathi
Chaudary,['Ghrit'],shaadi & jeevansaathi
Chaurasia,[],shaadi & jeevansaathi
Chennadasar,[],shaadi & jeevansaathi
Cheramar,[],shaadi & jeevansaathi
Chettiar,"['24 Manai Telugu Chettiar', '24 Manai Telugu Chettiar 16 Veedu', '24 Manai Telugu Chettiar 8 Veedu', 'Achirapakkam Chettiar', 'Agaram Vellan Chettiar', 'Arya Vysya', 'Ayira Vysya', 'Beri Chettiar', 'Devanga Chettiar', 'Elur Chetty', 'Gandla / Ganiga', 'Kasukara', 'Kongu Chettiar', 'Kuruhini Chetty', 'Manjapudur Chettiar', 'Nattukottai Chettiar', 'Padma Saliar', 'Pannirandam Chettiar', 'Parvatha Rajakulam', 'Pattinavar', 'Pattusali', 'Sadhu Chetty', 'Saiva Vellan Chettiar', 'Senai Thalaivar', 'Sozhia Chettiar', 'Telugupatti', 'Vadambar', 'Vaniya Chettiar', 'Vellan Chettiar']",shaadi & jeevansaathi
Chhetri,[],shaadi & jeevansaathi
Chippolu Mera,[],shaadi & jeevansaathi
Coorgi,['Kodava'],shaadi & jeevansaathi
Dasapalanjika Kannada Saineegar,[],shaadi & jeevansaathi
Devadiga,[],shaadi & jeevansaathi
Devanga,"['Devanga Chettiar', 'Devang Koshthi']",shaadi & jeevansaathi
Devar/Thevar/Mukkulathor,,shaadi & jeevansaathi
Devipujak (Vaghri),[],shaadi & jeevansaathi
Dewar,[],shaadi & jeevansaathi
Dhanak,[],shaadi & jeevansaathi
Dhangar,[],shaadi & jeevansaathi
Dhanuk,[],shaadi & jeevansaathi
Dheevara,[],shaadi & jeevansaathi
Dhiman,[],shaadi & jeevansaathi
Dhoba,[],shaadi & jeevansaathi
Dhobi,['Kanaujia'],shaadi & jeevansaathi
Dhor,[],shaadi & jeevansaathi
Dommala,[],shaadi & jeevansaathi
Dumal,[],shaadi & jeevansaathi
Dusadh,[],shaadi & jeevansaathi
Ezhava,"['Ezhava panicker', 'Ezhava Thandan', 'Kavuthiya', 'Thiyya']",shaadi & jeevansaathi
Ezhuthachan,[],shaadi & jeevansaathi
Gabit,[],shaadi & jeevansaathi
Ganakar,,shaadi & jeevansaathi
Ganda,[],shaadi & jeevansaathi
Gandla,,shaadi & jeevansaathi
Gangai,[],shaadi & jeevansaathi
Ganiga,['Shiva Jyothipana'],shaadi & jeevansaathi
Garhwali,[],shaadi & jeevansaathi
Gatti,[],shaadi & jeevansaathi
Gavali,[],shaadi & jeevansaathi
Gavandi,[],shaadi & jeevansaathi
Ghasi,[],shaadi & jeevansaathi
Ghisadi,[],shaadi & jeevansaathi
Ghumar,[],shaadi & jeevansaathi
Goala,[],shaadi & jeevansaathi
Goan,[],shaadi & jeevansaathi
Gond / Gondi / Raj Gond,[],shaadi & jeevansaathi
Gopal,[],shaadi & jeevansaathi
Goswami,,shaadi & jeevansaathi
Goud,[],shaadi & jeevansaathi
Gounder,"['Kongu Vellala Gounder', 'Nattu Gounder', 'Urali Gounder', 'Vanniya Kula Kshatriyar', 'Vettuva Gounder']",shaadi & jeevansaathi
Gowda,"['Arebashe', 'Bunt', 'Das', 'Gangadikar', 'Hallikar', 'Hosadevaru', 'Kunchitaga', 'Morasu', 'Musuku', 'Namadari', 'Okkaliga', 'Reddy', 'Sarpa', 'Uttamakula']",shaadi & jeevansaathi
Gramani,[],shaadi & jeevansaathi
Gudia,[],shaadi & jeevansaathi
Gujjar,"['Dode', 'Leva']",shaadi & jeevansaathi
Gupta,,shaadi & jeevansaathi
Guptan,[],shaadi & jeevansaathi
Gurav,[],shaadi & jeevansaathi
Halba Koshti,[],shaadi & jeevansaathi
Halwai,,shaadi & jeevansaathi
Hegde,[],shaadi & jeevansaathi
Helava,[],shaadi & jeevansaathi
Holar,[],shaadi & jeevansaathi
Hugar (Jeer),,shaadi & jeevansaathi
Intercaste,,shaadi & jeevansaathi
Jaalari,[],shaadi & jeevansaathi
Jaiswal,[],shaadi & jeevansaathi
Jandra,[],shaadi & jeevansaathi
Jangam,[],shaadi & jeevansaathi
Jat,"['Agharia', 'Agoh', 'Agra', 'Ahlawat', 'Alwal', 'Antil / Antal', 'Arya', 'Badhwar', 'Bagaria', 'Bagri', 'Bains', 'Balhara', 'Balyan', 'Bana', 'Barach', 'Bargoti', 'Beniwal', 'Bhal', 'Bhambu', 'Bhodu', 'Bomal', 'Budania', 'Bugaliya', 'Burdak', 'Chahal', 'Chaudhry', 'Chauhan', 'Chhikara / Chikara', 'Chillar', 'Dabas', 'Dagar', 'Dagua', 'Dahiya', 'Dalal', 'Dangi', 'Dara', 'Deshwal', 'Dhaka', 'Dhama', 'Dhanchak', 'Dhanda', 'Dhankhar', 'Dhillon', 'Dhomi', 'Dhoot', 'Dhoriwal', 'Dhull', 'Dollya', 'Dudi', 'Duhan', 'Gahlot', 'Garhwal', 'Gehlawat', 'Ghangas', 'Gill', 'Godara', 'Grewal', 'Gulia', 'Heer', 'Hooda', 'Jaglon', 'Jakhar', 'Jam', 'Jaswal', 'Jatasra', 'Jewlia', 'Jutrana', 'Kadian', 'Kahlon', 'Kajala', 'Kakran', 'Kalen', 'Kaliramna', 'Kalkhanse', 'Karwasra', 'Kaswan', 'Kataria', 'Khakar', 'Khallia', 'Kharb', 'Khatkar', 'Khatri', 'Kherwa', 'Khichad', 'Kothari', 'Kuhar', 'Kulhari', 'Kundu', 'Lakhlan', 'Lakra', 'Lamba', 'Lamoria', 'Lather', 'Lathwal', 'Latiyan', 'Laur', 'Lehga', 'Maan', 'Mahan', 'Malhan', 'Malik', 'Mandhan', 'Mangat', 'Mann Rai', 'Meel', 'Mehria', 'Mhla', 'Mohar', 'Moond', 'Mor / More', 'Nain', 'Nairwal', 'Nandal', 'Nara', 'Natt / Nat', 'Nauhr', 'Nehra', 'Nitharwal', 'Ola', 'Pachehra', 'Palsania', 'Panghal', 'Panwar', 'Parihar', 'Pattor', 'Pawar', 'Phalaswal', 'Phogat', 'Pilania', 'Pooni', 'Punia', 'Rahan', 'Rajaura', 'Rana', 'Rangi', 'Ranwa', 'Rao', 'Rathi', 'Rawal', 'Redhu', 'Repswal', 'Saharan', 'Sandhi', 'Sangawan', 'Sansanwal', 'Saran', 'Saroha', 'Sarot', 'Sehrawat', 'Sheoran', 'Shokeen', 'Sidhu', 'Sikarwar', 'Sindhu', 'Singhal', 'Sinsinwar', 'Sirohi', 'Siwach', 'Solanki', 'Suhag', 'Sunda', 'Takhar', 'Tanar', 'Tanwar', 'Tevatia', 'Thakaran', 'Thenua', 'Thori', 'Tokas', 'Tomar', 'Achara', 'Bhakar', 'Dhatarwal', 'Janu', 'Kuntal', 'Poria', 'Sheokhand', 'Tangar']",shaadi & jeevansaathi
Jatav,[],shaadi & jeevansaathi
Jetty Malla,[],shaadi & jeevansaathi
Jewish,,shaadi & jeevansaathi
Jingar,[],shaadi & jeevansaathi
Julaha,[],shaadi & jeevansaathi
Kachara,[],shaadi & jeevansaathi
Kahar,[],shaadi & jeevansaathi
Kaibarta,[],shaadi & jeevansaathi
Kaikaala,[],shaadi & jeevansaathi
Kakkalan,[],shaadi & jeevansaathi
Kalal,[],shaadi & jeevansaathi
Kalanji,[],shaadi & jeevansaathi
Kalar,[],shaadi & jeevansaathi
Kalinga,[],shaadi & jeevansaathi
Kalinga Vysya,[],shaadi & jeevansaathi
Kalita,[],shaadi & jeevansaathi
Kalwar,[],shaadi & jeevansaathi
Kamboj,[],shaadi & jeevansaathi
Kamma,[],shaadi & jeevansaathi
Kammala,[],shaadi & jeevansaathi
Kanakaan Padonna,[],shaadi & jeevansaathi
Kandara,[],shaadi & jeevansaathi
Kaniyan,[],shaadi & jeevansaathi
Kansari,[],shaadi & jeevansaathi
Kansyakaar,[],shaadi & jeevansaathi
Kanu,,shaadi & jeevansaathi
Kapol,[],shaadi & jeevansaathi
Kapu,"['Balija / Balija Naidu', 'Ediga / Goud (Balija)', 'Gajula / Kavarai', 'Kapu All', 'Kapu Munnuru', 'Kapu Naidu', 'kurupu / Kapu', 'Ontari', 'Perika', 'Reddy', 'Setty Balija', 'Surya Balija', 'Telaga', 'Turupu Kapu', 'Velama']",shaadi & jeevansaathi
Karakala Bhakthula,[],shaadi & jeevansaathi
Karana,[],shaadi & jeevansaathi
Karmakar,[],shaadi & jeevansaathi
Kartha,,shaadi & jeevansaathi
Karuneegar,[],shaadi & jeevansaathi
Kasar,[],shaadi & jeevansaathi
Kashyap,['Nishad'],shaadi & jeevansaathi
Katiya,[],shaadi & jeevansaathi
Kayastha,"['Ambastha', 'Ambastha Kayastha', 'Asthana', 'Barujibi', 'Basu', 'Bengali Kayastha', 'Bhatnagar', 'Bose', 'Chanda', 'Dass', 'Dey', 'Dhar', 'Dutta', 'Ghosh', 'Gour', 'Guha', 'Johri', 'Karna', 'Kars', 'Kulin', 'Kulshreshtha', 'Mathur', 'Mitra', 'Nag', 'Nandi', 'Nigam', 'Palit', 'Paul', 'Rakshit', 'Rarhi', 'Roy', 'Saxena', 'Sen', 'Sil', 'Sinha', 'Srivastava']",shaadi & jeevansaathi
Khandayat,['Kalinja'],shaadi & jeevansaathi
Khandelwal,,shaadi & jeevansaathi
Kharvi,[],shaadi & jeevansaathi
Kharwar,[],shaadi & jeevansaathi
Khashap Rajpoot,[],shaadi & jeevansaathi
Khatik,[],shaadi & jeevansaathi
Khatri,"['Anand', 'Arora', 'Bagga', 'Bahl', 'Batra', 'Bedi', 'Behal', 'Behl', 'Beri', 'Bhalla', 'Bhandari', 'Bhasin', 'Bhatti', 'Chaddha', 'Chadha', 'Chandok', 'Chaudhary', 'Chhabra', 'Chopra', 'Choudhuri', 'Dang', 'Dhawan', 'Dhir', 'Duggal', 'Ghai', 'Handa', 'Jaggi', 'Jairath', 'Jerath', 'Jham', 'Kakkar', 'Kapur / Kapoor', 'Kehar', 'Khanna', 'Khosla', 'Khukrain', 'Khullar', 'Kochar', 'Kohli', 'Lamba', 'Mahendru', 'Malhotra', 'Marwah', 'Mehra', 'Mehta', 'Nagrath', 'Nanda', 'Nayyar', 'Oberoi', 'Ohri', 'Passi', 'Puri', 'Sabharwal', 'Sahni', 'Sareen', 'Sarin', 'Sawhney', 'Sehgal', 'Sekhri', 'Seth', 'Sethi', 'Sobto', 'Sodhi', 'Sondhi', 'Soni', 'Sood', 'Suri', 'Talwar', 'Tandon', 'Thapar', 'Tuli', 'Uppal', 'Vadhera', 'Verma', 'Vij', 'Vohra', 'Wadhawan', 'Wahi', 'Walia', 'Batta', 'Bindra', 'Dhingara', 'Mehra / Malhotra']",shaadi & jeevansaathi
Kirar,,shaadi & jeevansaathi
Koeri,[],shaadi & jeevansaathi
Koli,"['Koli Mahadev', 'Koli Patel', 'Mangela']",shaadi & jeevansaathi
Koli Patel,,shaadi & jeevansaathi
Kondara,[],shaadi & jeevansaathi
Kongu Vellala Gounder,"['Aadai', 'Aadhi', 'Aanthai', 'Aavan', 'Alagan', 'Andai', 'Andhuvan', 'Cheran', 'Devendran', 'Eenjan', 'Ennai', 'Kaadai', 'Kaari', 'Kanakkan', 'Kannan', 'Kannandhai', 'Keeran', 'Koorai', 'Koventhar', 'Kuzhlaayan', 'Maadai', 'Maniyan', 'Medhi', 'Muthan', 'Muzhlukkadhan', 'Nattu Gounder', 'Odhaalar', 'Paandian', 'Padaithalaiyan', 'Panaiyan', 'Panangadai', 'Pannai', 'Pannan', 'Pavalan', 'Payiran', 'Periyan', 'Perizhanthan', 'Perunkudi', 'Pillan', 'Podiyan', 'Ponnan', 'Poochadhai Poodhiyan', 'Poosan', 'Sathandhai', 'Sedan', 'Sellan', 'Sempoothan', 'Sengannan', 'Sengunni', 'Seralan', 'Sevadi', 'Thodai', 'Thooran', 'Vannakkan', 'Veliyan', 'Vellamban', 'Venduvan', 'Viliyan', 'Villi']",shaadi & jeevansaathi
Konkani,[],shaadi & jeevansaathi
Koracha,[],shaadi & jeevansaathi
Korama,[],shaadi & jeevansaathi
Kori / Korvi,[],shaadi & jeevansaathi
Koshti,[],shaadi & jeevansaathi
Krishnavaka,[],shaadi & jeevansaathi
Kshatriya,"['Agnikula Kshatriya', 'Aguri Ugra Kshatriya', 'Amethia', 'Bachhil', 'Bagel', 'Baghela / Veghela', 'Banafar', 'Bhadoria', 'Bhandari', 'Bhardwaj', 'Bhatraju', 'Bhavasar Kshatriya', 'Bundela', 'Chopra', 'Chudasa', 'Dangi', 'Dhawan', 'Dixit', 'Gaherwar', 'Gargvansi', 'Gaur', 'Hada', 'Haihaivanshi', 'Jaiswar', 'Janwar', 'Kandera', 'Kapur', 'Katiyar', 'Khandayat', 'Khanna', 'Khare', 'Kshatriya Raju', 'Kshatriya Raju Chandravamsam', 'Kshatriya Raju Suryavamsam', 'Kumawat', 'Kurmi', 'Mehra', 'Nagvanshi', 'Negi', 'Niari', 'Nikhumbh', 'Paliwal', 'Pawar', 'Perika Puragiri Kshatriya', 'Pundir', 'Raikwar', 'Rajkumar', 'Rajwar', 'Rama Kshatriya', 'Rathor', 'Rawal', 'Rawat', 'Sahni', 'Sami', 'Sengar', 'Seth', 'Shrinet', 'Singh', 'Sisodiya', 'Soma Vamsha Arya Kshatriya', 'Somavanshi Sahasrarjun Kshatriya', 'Somvanshi', 'Tandon', 'Tanwar', 'Thogata Veera Kshatriya', 'Tomar / Tanwar', 'Tong Kshatriya', 'Vahi', 'Vohra', 'Varma', 'Wadhwa']",shaadi & jeevansaathi
Kshatriya-Saithwar,['Mall'],shaadi & jeevansaathi
Kudumbi,[],shaadi & jeevansaathi
Kulal,,shaadi & jeevansaathi
Kulalar,[],shaadi & jeevansaathi
Kulita,[],shaadi & jeevansaathi
Kumaoni,[],shaadi & jeevansaathi
Kumawat,[],shaadi & jeevansaathi
Kumbara,,shaadi & jeevansaathi
Kumbhakar/Kumbhar,,shaadi & jeevansaathi
Kumhar,[],shaadi & jeevansaathi
Kummari,[],shaadi & jeevansaathi
Kunbi,"['Ghatode', 'Zade','Dhanoje', 'Khaire', 'Khedule', 'Lonari', 'Maratha', 'Tirale']",shaadi & jeevansaathi
Kurava,[],shaadi & jeevansaathi
Kuravan,[],shaadi & jeevansaathi
Kurmi / Kurmi Kshatriya,"['Awadhiya', 'Baghel', 'Chandel', 'Chandra', 'Chandrakar', 'Chandrawanshi', 'Chaudhary', 'Chaudhury', 'Deshmukh', 'Gangwar', 'Ghamaila', 'Jaiswar', 'Kashyap', 'Katiyar', 'Kochyasa', 'Kumar', 'Kushwaha (Koiri)', 'Mahata', 'Mahato', 'Mahto', 'Parganiha', 'Patel', 'Patidar', 'Prasad', 'Rai', 'Sachan', 'Singh', 'Verma']",shaadi & jeevansaathi
Kuruba,[],shaadi & jeevansaathi
Kuruhina Shetty,[],shaadi & jeevansaathi
Kurumbar,[],shaadi & jeevansaathi
Kurup,,shaadi & jeevansaathi
Kushwaha,[],shaadi & jeevansaathi
Kutchi,[],shaadi & jeevansaathi
Kutchi Gurjar,[],shaadi & jeevansaathi
Laxminarayan gola,[],shaadi & jeevansaathi
Leva Patil / Leva Patidar,[],shaadi & jeevansaathi
Lingayat,"['Agasa', 'Akkasali', 'Aradhya', 'Balegala', 'Banagar', 'Banajiga', 'Bhandari', 'Bilijedaru', 'Bilimagga', 'Chaturtha', 'Dikshwant', 'Ganiga', 'Gowda', 'Gowli', 'Gurav', 'Hadapada', 'Hatgar', 'Hoogar / Hugar / Jeer', 'Jadaru', 'Jangam', 'Kudu Vokkaliga', 'Kumbar / Kumbara', 'Kumbhar', 'Kuruhina Setty', 'lamba', 'Lolagonda', 'Madivala', 'Malgar', 'Mali', 'Neelagar', 'Neeli / Neelagar', 'Neygi', 'Nolamba', 'Pancham', 'Panchamasali', 'Pattasali', 'Reddy Reddi', 'Sadar', 'Sajjan / Sajjanaganigar', 'Setty', 'Shilwant', 'Shiva Simpi', 'Vani', 'Veerashaiva']",shaadi & jeevansaathi
Lohana,"['Ghoghari', 'Halai', 'Kutchi', 'Vaishnav']",shaadi & jeevansaathi
Lohar,[],shaadi & jeevansaathi
Lonia/Lunia,,shaadi & jeevansaathi
Lubana,[],shaadi & jeevansaathi
Madhesiya,,shaadi & jeevansaathi
Madiga,[],shaadi & jeevansaathi
Mahajan,,shaadi & jeevansaathi
Mahar,[],shaadi & jeevansaathi
Mahendra,[],shaadi & jeevansaathi
Maheshwari,[],shaadi & jeevansaathi
Mahindra,[],shaadi & jeevansaathi
Mahishya,,shaadi & jeevansaathi
Majabi,,shaadi & jeevansaathi
Mala,[],shaadi & jeevansaathi
Malayalee Variar,,shaadi & jeevansaathi
Mali,[],shaadi & jeevansaathi
Mallah,"['Kewat / Keot', 'Nishad']",shaadi & jeevansaathi
Mangalorean,[],shaadi & jeevansaathi
Manikpuri,[],shaadi & jeevansaathi
Manipuri,[],shaadi & jeevansaathi
Maniyani,,shaadi & jeevansaathi
Manjhi,[],shaadi & jeevansaathi
Mannadiar,,shaadi & jeevansaathi
Mannan,[],shaadi & jeevansaathi
Mapila,[],shaadi & jeevansaathi
Marar,,shaadi & jeevansaathi
Maratha,"['96 Kuli Maratha', '96K Kokanastha', 'Aramari Gabit', 'Deshastha Maratha', 'Deshmukh', 'Deshtha Maratha', 'Gomantak Maratha', 'Jhadav', 'Kokanastha Maratha', 'Kunbi Dhanoje', 'Kunbi Khaire', 'Kunbi Khedule', 'Kunbi Lonari', 'Kunbi Maratha', 'Kunbi Tirale', 'Malwani', 'Maratha Kshatriya', 'Parit', 'Patil', 'Sonar', 'Suthar', 'Vani']",shaadi & jeevansaathi
Maravar,[],shaadi & jeevansaathi
Marthomite,[],shaadi & jeevansaathi
Maruthuvar,[],shaadi & jeevansaathi
Marvar,,shaadi & jeevansaathi
Matang,[],shaadi & jeevansaathi
Maurya,"['Kachchi', 'Kushwaha']",shaadi & jeevansaathi
Meda,[],shaadi & jeevansaathi
Medara,,shaadi & jeevansaathi
Meena,[],shaadi & jeevansaathi
Meenavar,[],shaadi & jeevansaathi
Meghwal,[],shaadi & jeevansaathi
Mehra,[],shaadi & jeevansaathi
Mehtar,[],shaadi & jeevansaathi
Menon,[],shaadi & jeevansaathi
Meru Darji,[],shaadi & jeevansaathi
Mochi,[],shaadi & jeevansaathi
Modak,[],shaadi & jeevansaathi
Mogaveera,[],shaadi & jeevansaathi
Monchi,[],shaadi & jeevansaathi
Mudaliar,"['Agamudayar / Arcot / Thuluva Vellala', 'Isai Vellalar', 'Kerala Mudali', 'Kongu Vellala Gounder', 'Mudailiar Arcot', 'Mudaliar All', 'Mudaliar Saiva', 'Mudaliar Sengupta', 'Saiva Pillai Tirunelveli', 'Sengunthar / Kaikolar', 'Sozhiya Vellalar', 'Thondai Mandala Vellala', 'Veerakodi Vellala']",shaadi & jeevansaathi
Mudiraj,[],shaadi & jeevansaathi
Muthuraja,[],shaadi & jeevansaathi
Naagavamsam,[],shaadi & jeevansaathi
Nadar,['Kongu Nadar'],shaadi & jeevansaathi
Nagaralu,[],shaadi & jeevansaathi
Nai,[],shaadi & jeevansaathi
Naicken,,shaadi & jeevansaathi
Naicker,['Rajaka Chakali Dhobi'],shaadi & jeevansaathi
Naidu,"['Balija Naidu', 'Ediga / Goud', 'Gajula Kavarai', 'Gavara', 'Kamma', 'Kapu Naidu', 'Munnuru Kapu', 'Mutharaja', 'Perika', 'Raja Kambalathu Naicker', 'Raju', 'Reddy', 'Shetty Balija', 'Surya Balija', 'Telaga', 'Turupu Kapu', 'Vada Balija', 'Vadugan', 'Velama', 'Yadava Naidu']",shaadi & jeevansaathi
Naik,[],shaadi & jeevansaathi
Nair,"['Adiyodi', 'Anthur', 'Chekkala Nair', 'Illam', 'Kaimal', 'Kartha', 'Kiryathil', 'Kurup', 'Maniyani', 'Mannadiar', 'Marar', 'Menon', 'Nair All', 'Nambiar', 'Panicker', 'Pillai', 'Poduval', 'Thampi', 'Tharakan', 'Unnithan', 'Vaniya', 'Vellala Pillai', 'Veluthedathu', 'Vilakkithala']",shaadi & jeevansaathi
Namasudra,[],shaadi & jeevansaathi
Nambiar,[],shaadi & jeevansaathi
Nambisan,[],shaadi & jeevansaathi
Namboodiri,[],shaadi & jeevansaathi
Namdev,,shaadi & jeevansaathi
Nandiwale,[],shaadi & jeevansaathi
Napit,[],shaadi & jeevansaathi
Nath Jogi,[],shaadi & jeevansaathi
Nayak,,shaadi & jeevansaathi
Nayaka,,shaadi & jeevansaathi
Nayee (Barber),[],shaadi & jeevansaathi
Neeli,,shaadi & jeevansaathi
Nepali,[],shaadi & jeevansaathi
Nessi,[],shaadi & jeevansaathi
Nhavi,[],shaadi & jeevansaathi
Nonia,[],shaadi & jeevansaathi
Odan,[],shaadi & jeevansaathi
Oraon,[],shaadi & jeevansaathi
Oswal,[],shaadi & jeevansaathi
Otari,[],shaadi & jeevansaathi
Padmasali,"['Devanga', 'Jaandra', 'Kaikaala', 'Karakala Bhakthula', 'Karni Bhakthula', 'Kurni', 'Neeli Saali', 'Nessi', 'Pattusali', 'Shettigar', 'Swakula Saali', 'Thogata Veerakshathriya']",shaadi & jeevansaathi
Pal,[],shaadi & jeevansaathi
Panan,[],shaadi & jeevansaathi
Panchal,[],shaadi & jeevansaathi
Panchamsali,[],shaadi & jeevansaathi
Pandaram,[],shaadi & jeevansaathi
Panicker,[],shaadi & jeevansaathi
Pano,[],shaadi & jeevansaathi
Paravan,,shaadi & jeevansaathi
Parit,,shaadi & jeevansaathi
Parkava Kulam,[],shaadi & jeevansaathi
Parsi,,shaadi & jeevansaathi
Partraj,,shaadi & jeevansaathi
Parvatha Rajakulam,[],shaadi & jeevansaathi
Pasi,[],shaadi & jeevansaathi
Paswan,[],shaadi & jeevansaathi
Patel,"['Anjana (Chowdary) Patel', 'Desai', 'Dodia', 'Kadava Patel', 'Leva Patel', 'Matia Patel', 'Patel Desai']",shaadi & jeevansaathi
Patel Lodhi,[],shaadi & jeevansaathi
Pathare Prabhu,[],shaadi & jeevansaathi
Patnaick,[],shaadi & jeevansaathi
Patra,[],shaadi & jeevansaathi
Patwa,,shaadi & jeevansaathi
Perika,[],shaadi & jeevansaathi
Pillai,"['Aaru Nattu Vellala', 'Agamudayar / Arcot / Thuluva Vellala', 'Cherakula Vellalar', 'Desikar', 'Desikar Thanjavur', 'Illaththu Pillai', 'Isai Vellalar', 'Karkathar', 'Kodikal Pillai', 'Nanjil', 'Nanjil Mudali', 'Nankudi Vellalar', 'Othuvaar', 'Pandiya Vellalar', 'Saiva Pillai Thanjavur', 'Saiva Pillai Tirunelvi', 'Sengunthar / Kaikolar', 'Sozhiya Vellalar', 'Thondai Mandala Vellala', 'Veerakodi Vellala', 'Vellala Pillai']",shaadi & jeevansaathi
Pisharody,,shaadi & jeevansaathi
Poduval,,shaadi & jeevansaathi
Pollon Devandra Kula Vellalan,[],shaadi & jeevansaathi
Ponan,[],shaadi & jeevansaathi
Poosala,[],shaadi & jeevansaathi
Porwal,,shaadi & jeevansaathi
Poundra,[],shaadi & jeevansaathi
Prajapati,[],shaadi & jeevansaathi
Pulaya,,shaadi & jeevansaathi
Rabari,[],shaadi & jeevansaathi
Rai Sikh,[],shaadi & jeevansaathi
Raigar,[],shaadi & jeevansaathi
Raikwar,[],shaadi & jeevansaathi
Rajaka/Chakali/Dhobi,,shaadi & jeevansaathi
Rajbhar,[],shaadi & jeevansaathi
Rajbongshi,[],shaadi & jeevansaathi
Rajpurohit,[],shaadi & jeevansaathi
Rajput,"['Aheria Rajput', 'Baghel', 'Bais', 'Bankawat', 'Bargujar', 'Bhadauria', 'Bharbhunja', 'Bhatti', 'Bhriguvansha', 'Bisen', 'Bisht', 'Chandel', 'Chandravanshi', 'Chandrawat', 'Chauhan', 'Chawda / Chavada', 'Chib', 'Chundawat', 'Dhakare', 'Dixit', 'Doad', 'Dogra', 'Durgavanshi', 'Gahlot', 'Garhwal', 'Gautam', 'Gogawat', 'Gohil', 'Goud / Gaur', 'Jadeja', 'Jadon', 'Jamwal', 'Janjua', 'Jasrotia', 'Jaswal', 'Jhala', 'Kachwaha', 'Kalyat', 'Katoch', 'Kaushik', 'Khadagvanshi Khagi', 'Khangarot', 'Khati', 'Kirar', 'Kumaoni', 'Kuruvanshi', 'Kushwaha', 'Lodhi Rajput', 'Loniya Lonia Lunia', 'Madad', 'Mahror', 'Mahthan', 'Mahyavanshi', 'Manhas', 'Nagvanshi', 'Naruka', 'Nathawat', 'Negi', 'Nikumbh', 'Oad Rajput', 'Parihar', 'Parmar', 'Pratihar', 'Pundir', 'Raghuvanshi', 'Rajawal', 'Rajput Swarnkar', 'Rana', 'Rao', 'Rathore', 'Rawa Rajput', 'Rawal', 'Rohilla', 'Sagar Rajput', 'Sainthwar Rajput', 'Sarangdevot', 'Shakya', 'Shekhawat', 'Sikarwar', 'Singh', 'Sisodia', 'Solanki', 'Somvansha', 'Surwar', 'Suryavanshi', 'Tanwar', 'Thakur', 'Tomar', 'Ujjain', 'Vaishhya', 'Kalyanot', 'Karadiya / Nadoda', 'Mair Rajput Swarnkar', 'Pathania', 'Rawat', 'Sengar', 'Verma']",shaadi & jeevansaathi
Rajput Rohella Tank,[],shaadi & jeevansaathi
Ramdasia,[],shaadi & jeevansaathi
Ramgharia,,shaadi & jeevansaathi
Ramoshi Berad Bedar,[],shaadi & jeevansaathi
Rauniyar,,shaadi & jeevansaathi
Ravidasia,[],shaadi & jeevansaathi
Rawat,[],shaadi & jeevansaathi
Reddiar,,shaadi & jeevansaathi
Reddy,"['Ayodhi', 'Bhoomanchi Reddy', 'Chowdary', 'Desuru', 'Gandla', 'Ganjam', 'Gone Kapu', 'Gudati', 'Kapu', 'Motati', 'Palle', 'Palnati', 'Panta', 'Pedakanti', 'Poknati', 'Reddiar', 'Sajjana', 'Vanni', 'Velanati']",shaadi & jeevansaathi
Relli,[],shaadi & jeevansaathi
Rohit Chamar,[],shaadi & jeevansaathi
Ror,[],shaadi & jeevansaathi
SKP,[],shaadi & jeevansaathi
SSK,[],shaadi & jeevansaathi
Sadgop,,shaadi & jeevansaathi
Sagara,['Uppara'],shaadi & jeevansaathi
Saha,[],shaadi & jeevansaathi
Sahu,[],shaadi & jeevansaathi
Saini,[],shaadi & jeevansaathi
Saiva Vellala,,shaadi & jeevansaathi
Saliya,[],shaadi & jeevansaathi
Samagar,[],shaadi & jeevansaathi
Sambava,[],shaadi & jeevansaathi
Santhali,[],shaadi & jeevansaathi
Sargara,[],shaadi & jeevansaathi
Sathwara,[],shaadi & jeevansaathi
Satnami,[],shaadi & jeevansaathi
Savji,[],shaadi & jeevansaathi
Sawantwadi,[],shaadi & jeevansaathi
Senai Thalaivar,[],shaadi & jeevansaathi
Sepahia,,shaadi & jeevansaathi
Shah,[],shaadi & jeevansaathi
Shilpkar,[],shaadi & jeevansaathi
Shimpi,[],shaadi & jeevansaathi
Silawat,[],shaadi & jeevansaathi
Sillekyatha,[],shaadi & jeevansaathi
Sindhi,"['Sindhi Amil', 'Sindhi Baibhand', 'Sindhi Bhanusali', 'Sindhi Bhatia', 'Sindhi Chhapru', 'Sindhi Daru', 'Sindhi Hydrabadi', 'Sindhi Larai', 'Sindhi Larkan', 'Sindhi Larkana', 'Sindhi Lohana', 'Sindhi Rohiri', 'Sindhi Sahiti', 'Sindhi Sakkhar', 'Sindhi Sehwani', 'Sindhi Shikarpuri', 'Sindhi Thatai']",shaadi & jeevansaathi
Siyal,[],shaadi & jeevansaathi
Somvanshi,[],shaadi & jeevansaathi
Sonar,[],shaadi & jeevansaathi
Soni,,shaadi & jeevansaathi
Sonkar,[],shaadi & jeevansaathi
Sourashtra,[],shaadi & jeevansaathi
Sozhiya Vellalar,[],shaadi & jeevansaathi
Sri Vaishnava,,shaadi & jeevansaathi
Srisayana,[],shaadi & jeevansaathi
Sudi / Suri / Sundhi,[],shaadi & jeevansaathi
Sugali (Naika),[],shaadi & jeevansaathi
Sutar,[],shaadi & jeevansaathi
Swarnakar,[],shaadi & jeevansaathi
Tamboli,[],shaadi & jeevansaathi
Tammali,[],shaadi & jeevansaathi
Tanti,[],shaadi & jeevansaathi
Tantuway,[],shaadi & jeevansaathi
Telaga,[],shaadi & jeevansaathi
Teli,[],shaadi & jeevansaathi
Thachar,[],shaadi & jeevansaathi
Thakkar,[],shaadi & jeevansaathi
Thakur,,shaadi & jeevansaathi
Thandan,[],shaadi & jeevansaathi
Tharakan,[],shaadi & jeevansaathi
Thevar Mukkulathor,"['Agamudayar', 'Ambalakarar', 'Appanad Kondayamkottai Maravar', 'Easanattu Kallar', 'Kallar', 'Maniyakarar', 'Maravar', 'Piramalai Kallar', 'Rajakula Agamudayar', 'Sembanad Maravar', 'Servai', 'Thanjavur Kallar', 'Vallambar']",shaadi & jeevansaathi
Thigala,[],shaadi & jeevansaathi
Thiyya,"['Ezhava', 'Kavuthiya', 'Thiyya Thandan']",shaadi & jeevansaathi
Thuluva Vellala,,shaadi & jeevansaathi
Tili,[],shaadi & jeevansaathi
Togata,[],shaadi & jeevansaathi
Tonk Kshatriya,[],shaadi & jeevansaathi
Turi,[],shaadi & jeevansaathi
Udayar,,shaadi & jeevansaathi
Uppara,[],shaadi & jeevansaathi
Urali Gounder,,shaadi & jeevansaathi
Urs,,shaadi & jeevansaathi
Vadagalai,,shaadi & jeevansaathi
Vadar,[],shaadi & jeevansaathi
Vaddera,[],shaadi & jeevansaathi
Vaduka,[],shaadi & jeevansaathi
Vaidiki Velanadu,[],shaadi & jeevansaathi
Vaish,['Vaish Dhaneshawat'],shaadi & jeevansaathi
Vaishnav,"['Bairagi Swami', 'Vaishnav Bhatia', 'Vaishnav Dishaval', 'Vaishnav Kapol', 'Vaishnav Khadyata', 'Vaishnav Lad', 'Vaishnav Modh', 'Vaishnav Porvad', 'Vaishnav Shrimali', 'Vaishnav Sorathaiya', 'Vaishnav Vania']",shaadi & jeevansaathi
Vaishya,"['Mahuri', 'Mathur Vaishya']",shaadi & jeevansaathi
Vaishya Vani,[],shaadi & jeevansaathi
Vallala,[],shaadi & jeevansaathi
Valluvan,[],shaadi & jeevansaathi
Valmiki,[],shaadi & jeevansaathi
Vania,[],shaadi & jeevansaathi
Vanika Vyshya,,shaadi & jeevansaathi
Vaniya-Nair,['Vaniya'],shaadi & jeevansaathi
Vanjara,[],shaadi & jeevansaathi
Vankar,[],shaadi & jeevansaathi
Vannan,,shaadi & jeevansaathi
Vannar,[],shaadi & jeevansaathi
Vannia Kula Kshatriyar,"['Arasu', 'Gounder', 'Naicker', 'Padayachi', 'Palli', 'Pandal', 'Urs', 'Vannia Reddiar', 'Vanniyar']",shaadi & jeevansaathi
Variar,[],shaadi & jeevansaathi
Varshney,[],shaadi & jeevansaathi
Veerashaiva,,shaadi & jeevansaathi
Velaan,[],shaadi & jeevansaathi
Velama,"['Adivelama', 'Koppula', 'Padmanayaka', 'Polinati', 'Yellapa']",shaadi & jeevansaathi
Velan,[],shaadi & jeevansaathi
Velar,,shaadi & jeevansaathi
Vellalar,"['Aaru Nattu Vellala', 'Agamudayar / Arcot / Thuluva Vellala', 'Cherakula Vellalar', 'Desikar', 'Devendra Kula Vellalar', 'Illaththu Pillai', 'Isai Vellalar', 'Karkathar', 'Kodikal Pillai', 'Kongu Vellala Gounder', 'Nanjil Mudali', 'Nanjil Nattu Vellalar', 'Nanjil Vellalar', 'Nankudi Vellalar', 'Othuvaar', 'Pandiya Vellalar', 'Saiva Pillai Thanjavur', 'Saiva Pillai Tirunelveli', 'Saiva Vellalar', 'Sengunthar / Kaikolar', 'Sozhiya Vellalar', 'Thondai Mandala Vellala', 'Veerakodi', 'Vellalar All']",shaadi & jeevansaathi
Veluthedathu,['Nair'],shaadi & jeevansaathi
Vettuva Gounder,[],shaadi & jeevansaathi
Vettuvan,[],shaadi & jeevansaathi
Vishwakarma,"['Black Smith', 'Carpentry (Vadrangi, Vadla)', 'Goldsmiths', 'Sculptor (Shilpi)']",shaadi & jeevansaathi
Viswabrahmin,,shaadi & jeevansaathi
Vokkaliga,[],shaadi & jeevansaathi
Vysya,[],shaadi & jeevansaathi
Wani,[],shaadi & jeevansaathi
Yadav,"['Aheer / Ahir', 'Ala Golla', 'Daddi', 'Das', 'Dhador', 'Erragola', 'Gadri / Gadariya', 'Gauda', 'Gawli', 'Goal / Gola / Golla', 'Gop / Gopal / Gopala', 'Goriya', 'Gwala', 'Gwalvanshi', 'Jadav', 'Kohar', 'Konar', 'Korna', 'Krishnauth', 'Kurudas Gollas', 'Kuruma', 'Mandal', 'Manjrauth', 'Nandvanshi', 'Pakanati', 'Puja', 'Raut', 'Suryavanshi', 'Thethwar', 'Yadav Golla', 'Yaduvanshi']",shaadi & jeevansaathi
Yellapu,[],shaadi & jeevansaathi
patel Dodia,[],shaadi & jeevansaathi
patel Kadva,[],shaadi & jeevansaathi
patel Leva,"['27 Gam', 'Baavis Gam', 'Chaa Gam', 'Chovis Gam', 'Mota Sattavi', 'Nani Sattavi', 'Panch Gam']",shaadi & jeevansaathi
Muslim,"['Ansari','Arain', 'Awan', 'Dawoodi Bohra', 'Dekkani', 'Dudekula', 'Khoja', 'Lebbai', 'Maraicar', 'Memon', 'Mughal', 'Pathan', 'Qureshi', 'Rowther', 'Shafi', 'Sheikh', 'Shia', 'Shia Bohra', 'Shia Imami Ismaili', 'Shia Zaidi', 'Shia Ithna ashariyyah', 'Siddiqui', 'Sunni', 'Sunni Ehle-Hadith', 'Sunni Hanafi', 'Sunni Hunbali', 'Sunni Maliki', 'Sunni Shafi', 'Syed']",shaadi & jeevansaathi
Christian,"[""Anglo Indian"", ""Basel Mission"", ""Bretheren"", ""CMS"", ""Cannonite"", ""Catholic - Knanaya"", ""Catholic - Latin"", ""Catholic - Malankara"", ""Catholic - Roman"", ""Catholic - Syrian"", ""Chaldean"", ""Church of North India (CNI)"", ""Church of South India (CSI)"", ""Convert"", ""Evangelical"", ""IPC"", ""Indian Orthodox"", ""Jacobite Knanya"", ""Jacobite - Syrian"", ""Knanaya Pentecostal"", ""Malankara"", ""Marthoma"", ""Methodist"", ""Mormon"", ""Orthodox"", ""Pentecost"", ""Presbyterian"", ""Protestant"", ""RCSC"", ""Salvation Army"", ""Seventh day Adventist"", ""Syrian - Malabar"", ""Syrian - Orthodox""]",shaadi & jeevansaathi
Jain,"['Shwetamber', 'Vania' , 'Digambar']",shaadi & jeevansaathi
Sikh,"[""Ahluwalia"", ""Clean Shaven"", ""Gursikh"", ""Kesadhari"", ""Labana"", ""Mazhbi/Majabi""]",shaadi & jeevansaathi